flower_species,english_name,order,family,genus
Rosa canina,Dog-rose,Rosales,Rosaceae,Rosa
Vicia spp,Vetch,Fabales,Fabaceae,Vicia
Alnus glutinosa,Alder,Fagales,Betulaceae,Alnus
Prunus spinosa,Blackthorn,Rosales,Rosaceae,Prunus
Sorbus aucuparia,Rowan,Rosales,Rosaceae,Sorbus
Ilex aquifolium,Holly,Aquifoliales,Aquifoliaceae,Ilex
Rubus fruticosus,Bramble,Rosales,Rosaceae,Rubus
Hedera helix,Ivy,Apiales,Araliaceae,Hedera
Ulex europaeus,Gorse,Fabales,Fabaceae,Ulex
Urtica dioica,Common Nettle,Rosales,Urticaceae,Urtica
Filipendula ulmaria,Meadowsweet,Rosales,Rosaceae,Filipendula
Succisa pratensis,Devil's-bit Scabious,Dipsacales,Caprifoliaceae,Succisa
Trifolium repens,White Clover,Fabales,Fabaceae,Trifolium
Chamerion angustifolium,Rosebay Willowherb,Myrtales,Onagraceae,Chamerion
Vicia benghalensis,Purple Vetch,Fabales,Fabaceae,Vicia
Stellaria graminea,Lesser Stitchwort,Caryophyllales,Caryophyllaceae,Stellaria
Poa annua,Annual Meadow-grass,Poales,Poaceae,Poa
Hypochaeris radicata,Cat's-ear,Asterales,Asteraceae,Hypochaeris
Melampyrum pratense,Common Cow-wheat,Lamiales,Orobanchaceae,Melampyrum
Galium saxatile,Heath Bedstraw,Gentianales,Rubiaceae,Galium
Potentilla erecta,Tormentil,Rosales,Rosaceae,Potentilla
Erica tetralix,Cross-leaved Heath,Ericales,Ericaceae,Erica
Eriophorum vaginatum,Hare's-tail Cottongrass,Poales,Cyperaceae,Eriophorum
Lapsana communis,Nipplewort,Asterales,Asteraceae,Lapsana
Ranunculus repens,Creeping Buttercup,Ranunculales,Ranunculaceae,Ranunculus
Cirsium arvense,Creeping Thistle,Asterales,Asteraceae,Cirsium
Plantago lanceolata,Ribwort Plantain,Lamiales,Plantaginaceae,Plantago
Lathyrus pratensis,Meadow Vetchling,Fabales,Fabaceae,Lathyrus
Anthriscus sylvestris,Cow Parsley,Apiales,Apiaceae,Anthriscus
Geranium robertianum,Herb-Robert,Geraniales,Geraniaceae,Geranium
Silene dioica,Red Campion,Caryophyllales,Caryophyllaceae,Silene
Galium aparine,Cleavers,Gentianales,Rubiaceae,Galium
Brassica napus,Oil-seed Rape,Brassicales,Brassicaceae,Brassica
Anagallis arvensis,Scarlet Pimpernel,Ericales,Primulaceae,Anagallis
Odontites vernus,Red Bartsia,Lamiales,Orobanchaceae,Odontites
Potentilla anserina,Silverweed,Rosales,Rosaceae,Potentilla
Prunella vulgaris,Selfheal,Lamiales,Lamiaceae,Prunella
Bellis perennis,Daisy,Asterales,Asteraceae,Bellis
Cirsium vulgare,Spear Thistle,Asterales,Asteraceae,Cirsium
Senecio vulgaris,Groundsel,Asterales,Asteraceae,Senecio
Lamium album,White Dead-nettle,Lamiales,Lamiaceae,Lamium
Myosotis arvensis,Field Forget-me-not,NA,Boraginaceae,Myosotis
Mercurialis perennis,Dog's Mercury,Malpighiales,Euphorbiaceae,Mercurialis
Sonchus asper,Prickly Sow-thistle,Asterales,Asteraceae,Sonchus
Peucedanum ostruthium,Masterwort,Apiales,Apiaceae,Peucedanum
Epilobium palustre,Marsh Willowherb,Myrtales,Onagraceae,Epilobium
Turgenia latifolia,Greater Bur-parsley,Apiales,Apiaceae,Turgenia
Aegopodium podagraria,Ground-elder,Apiales,Apiaceae,Aegopodium
Heracleum sphondylium,Hogweed,Apiales,Apiaceae,Heracleum
Cirsium palustre,Marsh Thistle,Asterales,Asteraceae,Cirsium
Trifolium pratense,Red Clover,Fabales,Fabaceae,Trifolium
Scorzoneroides autumnalis,Autumn Hawkbit,Asterales,Asteraceae,Scorzoneroides
Digitalis purpurea,Foxglove,Lamiales,Plantaginaceae,Digitalis
Galium palustre,Marsh-bedstraw,Gentianales,Rubiaceae,Galium
Veronica chamaedrys,Germander Speedwell,Lamiales,Plantaginaceae,Veronica
Cardamine pratensis,Cuckooflower,Brassicales,Brassicaceae,Cardamine
Dactylorhiza fuchsii,Common Spotted-orchid,Asparagales,Orchidaceae,Dactylorhiza
Doronicum plantagineum,Plantain-leaved Leopard's-bane,Asterales,Asteraceae,Doronicum
Cerastium fontanum,Common Mouse-ear,Caryophyllales,Caryophyllaceae,Cerastium
Ranunculus flammula,Lesser Spearwort,Ranunculales,Ranunculaceae,Ranunculus
Rumex obtusifolius,Broad-leaved Dock,Caryophyllales,Polygonaceae,Rumex
Cardamine hirsuta,Hairy Bitter-cress,Brassicales,Brassicaceae,Cardamine
Impatiens glandulifera,Indian Balsam,Ericales,Balsaminaceae,Impatiens
Lotus corniculatus,Common Bird's-foot-trefoil,Fabales,Fabaceae,Lotus
Centaurea nigra,Common Knapweed,Asterales,Asteraceae,Centaurea
Viola riviniana,Common Dog-violet,Malpighiales,Violaceae,Viola
Anemone nemorosa,Wood Anemone,Ranunculales,Ranunculaceae,Anemone
Alliaria petiolata,Garlic Mustard,Brassicales,Brassicaceae,Alliaria
Calluna vulgaris,Heather,Ericales,Ericaceae,Calluna
Campanula rotundifolia,Harebell,Asterales,Campanulaceae,Campanula
Crataegus monogyna,Hawthorn,Rosales,Rosaceae,Crataegus
Ranunculus acris,Meadow Buttercup,Ranunculales,Ranunculaceae,Ranunculus
Vaccinium vitis,Cowberry,Ericales,Ericaceae,Vaccinium
Vaccinium myrtillus,Bilberry,Ericales,Ericaceae,Vaccinium
Sisymbrium officinale,Hedge Mustard,Brassicales,Brassicaceae,Sisymbrium
Aethusa cynapium,Fool's Parsley,Apiales,Apiaceae,Aethusa
Silene latifolia,White Campion,Caryophyllales,Caryophyllaceae,Silene
Papaver rhoeas,Common Poppy,Ranunculales,Papaveraceae,Papaver
Cichorium intybus,Chicory,Asterales,Asteraceae,Cichorium
Narthecium ossifragum,Bog Asphodel,Dioscoreales,Nartheciaceae,Narthecium
Galium verum,Lady's Bedstraw,Gentianales,Rubiaceae,Galium
Veronica serpyllifolia,Thyme-leaved Speedwell,Lamiales,Plantaginaceae,Veronica
Crepis capillaris,Smooth Hawk's-beard,Asterales,Asteraceae,Crepis
Plantago major,Greater Plantain,Lamiales,Plantaginaceae,Plantago
Verbena x,Hybrid Verbena,Lamiales,Verbenaceae,Verbena
Epilobium hirsutum,Great Willowherb,Myrtales,Onagraceae,Epilobium
Persicaria maculosa,Redshank,Caryophyllales,Polygonaceae,Persicaria
Picris echioides,Bristly Oxtongue,Asterales,Asteraceae,Picris
Jacobaea vulgaris,Common Ragwort,Asterales,Asteraceae,Jacobaea
Sinapis arvensis,Charlock,Brassicales,Brassicaceae,Sinapis
Capsella bursa,Shepherd's-purse,Brassicales,Brassicaceae,Capsella
Rumex crispus,Curled Dock,Caryophyllales,Polygonaceae,Rumex
Geranium dissectum,Cut-leaved Crane's-bill,Geraniales,Geraniaceae,Geranium
Lactuca serriola,Prickly Lettuce,Asterales,Asteraceae,Lactuca
Veronica persica,Common Field-speedwell,Lamiales,Plantaginaceae,Veronica
Convolvulus arvensis,Field Bindweed,Solanales,Convolvulaceae,Convolvulus
Viola arvensis,Field Pansy,Malpighiales,Violaceae,Viola
Anchusa arvensis,Bugloss,NA,Boraginaceae,Anchusa
Rumex acetosella,Sheep's Sorrel,Caryophyllales,Polygonaceae,Rumex
Erica cinerea,Bell Heather,Ericales,Ericaceae,Erica
Lysimachia nemorum,Yellow Pimpernel,Ericales,Primulaceae,Lysimachia
Medicago lupulina,Black Medick,Fabales,Fabaceae,Medicago
Luzula campestris,Field Wood-rush,Poales,Juncaceae,Luzula
Glechoma hederacea,Ground-ivy,Lamiales,Lamiaceae,Glechoma
Sagina saginoides,Scottish Pearlwort,Caryophyllales,Caryophyllaceae,Sagina
Lonicera periclymenum,Honeysuckle,Dipsacales,Caprifoliaceae,Lonicera
Ballota nigra,Black Horehound,Lamiales,Lamiaceae,Ballota
Mentha aquatica,Water Mint,Lamiales,Lamiaceae,Mentha
Solanum dulcamara,Bittersweet,Solanales,Solanaceae,Solanum
Achillea millefolium,Yarrow,Asterales,Asteraceae,Achillea
Calystegia sepium,Hedge Bindweed,Solanales,Convolvulaceae,Calystegia
Centaurea cyanus,Cornflower,Asterales,Asteraceae,Centaurea
Daucus carota,Wild Carrot,Apiales,Apiaceae,Daucus
Sonchus arvensis,Perennial Sow-thistle,Asterales,Asteraceae,Sonchus
Matricaria discoidea,Pineappleweed,Asterales,Asteraceae,Matricaria
Ulex gallii,Western Gorse,Fabales,Fabaceae,Ulex
Leontodon hispidus,Rough Hawkbit,Asterales,Asteraceae,Leontodon
Epilobium montanum,Broad-leaved Willowherb,Myrtales,Onagraceae,Epilobium
Buddleja davidii,Butterfly-bush,Lamiales,Scrophulariaceae,Buddleja
Chamaemelum nobile,Chamomile,Asterales,Asteraceae,Chamaemelum
Artemisia vulgaris,Mugwort,Asterales,Asteraceae,Artemisia
Lythrum salicaria,Purple-loosestrife,Myrtales,Lythraceae,Lythrum
Vicia sativa,Common Vetch,Fabales,Fabaceae,Vicia
Tripleurospermum inodorum,Scentless Mayweed,Asterales,Asteraceae,Tripleurospermum
Pedicularis sylvatica,Lousewort,Lamiales,Orobanchaceae,Pedicularis
Lotus pedunculatus,Greater Bird's-foot-trefoil,Fabales,Fabaceae,Lotus
Pulicaria dysenterica,Common Fleabane,Asterales,Asteraceae,Pulicaria
Hypericum forrestii,Forrest's Tutsan,Malpighiales,Hypericaceae,Hypericum
Geum urbanum,Herb Bennet,Rosales,Rosaceae,Geum
Stachys sylvatica,Hedge Woundwort,Lamiales,Lamiaceae,Stachys
Thymus vulgaris,Garden Thyme,Lamiales,Lamiaceae,Thymus
Conopodium majus,Pignut,Apiales,Apiaceae,Conopodium
Pilosella officinarum,Mouse-ear-hawkweed,Asterales,Asteraceae,Pilosella
Galeopsis tetrahit,Common Hemp-nettle,Lamiales,Lamiaceae,Galeopsis
Circaea lutetiana,Enchanter's-nightshade,Myrtales,Onagraceae,Circaea
Clematis vitalba,Traveller's-joy,Ranunculales,Ranunculaceae,Clematis
Impatiens parviflora,Small Balsam,Ericales,Balsaminaceae,Impatiens
Plantago maritima,Sea Plantain,Lamiales,Plantaginaceae,Plantago
Atriplex portulacoides,Sea-purslane,Caryophyllales,Amaranthaceae,Atriplex
Tragopogon pratensis,Goat's-beard,Asterales,Asteraceae,Tragopogon
Epilobium parviflorum,Hoary Willowherb,Myrtales,Onagraceae,Epilobium
Taraxacum agg,NA,Asterales,Asteraceae,Taraxacum
Polygala vulgaris,Common Milkwort,Fabales,Polygalaceae,Polygala
Vaccinium oxycoccos,Cranberry,Ericales,Ericaceae,Vaccinium
Rumex sanguineus,Wood Dock,Caryophyllales,Polygonaceae,Rumex
Spergula arvensis,Corn Spurrey,Caryophyllales,Caryophyllaceae,Spergula
Linum usitatissimum,Flax,Malpighiales,Linaceae,Linum
Lamium purpureum,Red Dead-nettle,Lamiales,Lamiaceae,Lamium
Geranium pratense,Meadow Crane's-bill,Geraniales,Geraniaceae,Geranium
Lathyrus aphaca,Yellow Vetchling,Fabales,Fabaceae,Lathyrus
Tripleurospermum maritimum,Mayweed,Asterales,Asteraceae,Tripleurospermum
Stellaria media,Common Chickweed,Caryophyllales,Caryophyllaceae,Stellaria
Polygonum aviculare,Knotgrass,Caryophyllales,Polygonaceae,Polygonum
Rhinanthus minor,Yellow-rattle,Lamiales,Orobanchaceae,Rhinanthus
Valeriana officinalis,Common Valerian,Dipsacales,Caprifoliaceae,Valeriana
Apium nodiflorum,Fool's-water-cress,Apiales,Apiaceae,Apium
Hyacinthoides non,Bluebell,Asparagales,Asparagaceae,Hyacinthoides
Caltha palustris,Marsh-marigold,Ranunculales,Ranunculaceae,Caltha
Digitalis ferruginea,Rusty Foxglove,Lamiales,Plantaginaceae,Digitalis
Veronica officinalis,Heath Speedwell,Lamiales,Plantaginaceae,Veronica
Trifolium dubium,Lesser Trefoil,Fabales,Fabaceae,Trifolium
Myosotis discolor,Changing Forget-me-not,NA,Boraginaceae,Myosotis
Sambucus nigra,Elder,Dipsacales,Adoxaceae,Sambucus
Heracleum mantegazzianum,Giant Hogweed,Apiales,Apiaceae,Heracleum
Drosera rotundifolia,Round-leaved Sundew,Caryophyllales,Droseraceae,Drosera
Vicia hirsuta,Hairy Tare,Fabales,Fabaceae,Vicia
Sherardia arvensis,Field Madder,Gentianales,Rubiaceae,Sherardia
Galium mollugo,Hedge Bedstraw,Gentianales,Rubiaceae,Galium
Vicia tetrasperma,Smooth Tare,Fabales,Fabaceae,Vicia
Rumex acetosa,Common Sorrel,Caryophyllales,Polygonaceae,Rumex
Lotus angustissimus,Slender Bird's-foot-trefoil,Fabales,Fabaceae,Lotus
Prunella vulgaris,Hybrid Self-Heal,Lamiales,Lamiaceae,Prunella
Polygala serpyllifolia,Heath Milkwort,Fabales,Polygalaceae,Polygala
Chaerophyllum temulum,Rough Chervil,Apiales,Apiaceae,Chaerophyllum
Rosa canina,NA,Rosales,Rosaceae,Rosa
Vicia cracca,Tufted Vetch,Fabales,Fabaceae,Vicia
Centaurea scabiosa,Greater Knapweed,Asterales,Asteraceae,Centaurea
Brassica napus,Rape,Brassicales,Brassicaceae,Brassica
Lathyrus linifolius,Bitter-vetch,Fabales,Fabaceae,Lathyrus
Trientalis europaea,Chickweed-wintergreen,Ericales,Primulaceae,Trientalis
Cardamine flexuosa,Wavy Bitter-cress,Brassicales,Brassicaceae,Cardamine
Oenanthe crocata,Hemlock Water-dropwort,Apiales,Apiaceae,Oenanthe
Trifolium constantinopolitanum,Clover,Fabales,Fabaceae,Trifolium
Cotoneaster salicifolius,Willow-leaved Cotoneaster,Rosales,Rosaceae,Cotoneaster
Leucanthemum vulgare,Oxeye Daisy,Asterales,Asteraceae,Leucanthemum
Veronica hederifolia,Ivy-leaved Speedwell,Lamiales,Plantaginaceae,Veronica
Stellaria holostea,Greater Stitchwort,Caryophyllales,Caryophyllaceae,Stellaria
Ranunculus bulbosus,Bulbous Buttercup,Ranunculales,Ranunculaceae,Ranunculus
Veronica agrestis,Green Field-speedwell,Lamiales,Plantaginaceae,Veronica
Scrophularia nodosa,Common Figwort,Lamiales,Scrophulariaceae,Scrophularia
Veronica beccabunga,Brooklime,Lamiales,Plantaginaceae,Veronica
Galium odoratum,Woodruff,Gentianales,Rubiaceae,Galium
Symphytum officinale,Common Comfrey,NA,Boraginaceae,Symphytum
Vicia sepium,Bush Vetch,Fabales,Fabaceae,Vicia
Myosotis sylvatica,Wood Forget-me-not,NA,Boraginaceae,Myosotis
Rubus caesius,Dewberry,Rosales,Rosaceae,Rubus
Brassica rapa,Turnip,Brassicales,Brassicaceae,Brassica
Iris pseudacorus,Yellow Iris,Asparagales,Iridaceae,Iris
Taraxacum officinale,Dandelion,Asterales,Asteraceae,Taraxacum
Cytisus scoparius,Broom,Fabales,Fabaceae,Cytisus
Potentilla anglica,Trailing Tormentil,Rosales,Rosaceae,Potentilla
Oxalis acetosella,Wood-sorrel,Oxalidales,Oxalidaceae,Oxalis
Pinguicula vulgaris,Common Butterwort,Lamiales,Lentibulariaceae,Pinguicula
Stellaria alsine,Bog Stitchwort,Caryophyllales,Caryophyllaceae,Stellaria
Ranunculus acris,NA,Ranunculales,Ranunculaceae,Ranunculus
Lamium galeobdolon,Yellow Archangel,Lamiales,Lamiaceae,Lamium
Stachys arvensis,Field Woundwort,Lamiales,Lamiaceae,Stachys
Angelica sylvestris,Wild Angelica,Apiales,Apiaceae,Angelica
Epilobium tetragonum,Square-stalked Willowherb,Myrtales,Onagraceae,Epilobium
Cerastium fontanum,NA,Caryophyllales,Caryophyllaceae,Cerastium
Solanum tuberosum,Potato,Solanales,Solanaceae,Solanum
Digitalis grandiflora,Yellow Foxglove,Lamiales,Plantaginaceae,Digitalis
Dioscorea communis,Black Bryony,Dioscoreales,Dioscoreaceae,Dioscorea
Teucrium scorodonia,Wood Sage,Lamiales,Lamiaceae,Teucrium
Euphrasia officinalis,NA,Lamiales,Orobanchaceae,Euphrasia
Artemisia absinthium,Wormwood,Asterales,Asteraceae,Artemisia
Sedum anglicum,English Stonecrop,Saxifragales,Crassulaceae,Sedum
Hypericum tetrapterum,Square-stalked St John's-wort,Malpighiales,Hypericaceae,Hypericum
Mentha arvensis,Corn Mint,Lamiales,Lamiaceae,Mentha
Senecio jacobaea,Common Ragwort,Asterales,Asteraceae,Senecio
Vicia faba,Broad Bean,Fabales,Fabaceae,Vicia
Euphorbia helioscopia,Sun Spurge,Malpighiales,Euphorbiaceae,Euphorbia
Tripleurospermum maritimum,Sea Mayweed,Asterales,Asteraceae,Tripleurospermum
Conium maculatum,Hemlock,Apiales,Apiaceae,Conium
Chenopodium album,Fat-hen,Caryophyllales,Amaranthaceae,Chenopodium
Sonchus oleraceus,Smooth Sow-thistle,Asterales,Asteraceae,Sonchus
Genista anglica,Petty Whin,Fabales,Fabaceae,Genista
Geranium molle,Dove's-foot Crane's-bill,Geraniales,Geraniaceae,Geranium
Potentilla reptans,Creeping Cinquefoil,Rosales,Rosaceae,Potentilla
Senecio erucifolius,Hoary Ragwort,Asterales,Asteraceae,Senecio
Persicaria amplexicaulis,Red Bistort,Caryophyllales,Polygonaceae,Persicaria
Bryonia dioica,White Bryony,Cucurbitales,Cucurbitaceae,Bryonia
Helianthus annuus,Sunflower,Asterales,Asteraceae,Helianthus
Conyza canadensis,Canadian Fleabane,Asterales,Asteraceae,Conyza
Origanum vulgare,Wild Marjoram,Lamiales,Lamiaceae,Origanum
Linaria vulgaris,Common Toadflax,Lamiales,Plantaginaceae,Linaria
Rubus idaeus,Raspberry,Rosales,Rosaceae,Rubus
Anthemis cotula,Stinking Chamomile,Asterales,Asteraceae,Anthemis
Sanguisorba officinalis,Great Burnet,Rosales,Rosaceae,Sanguisorba
Persicaria hydropiper,Water-pepper,Caryophyllales,Polygonaceae,Persicaria
Limonium vulgare,Common Sea-lavender,Caryophyllales,Plumbaginaceae,Limonium
Solanum nigrum,Black Nightshade,Solanales,Solanaceae,Solanum
Fumaria officinalis,Common Fumitory,Ranunculales,Papaveraceae,Fumaria
Galeopsis speciosa,Large-flowered Hemp-nettle,Lamiales,Lamiaceae,Galeopsis
Persicaria bistorta,Common Bistort,Caryophyllales,Polygonaceae,Persicaria
Dactylorhiza maculata,Heath Spotted-orchid,Asparagales,Orchidaceae,Dactylorhiza
Ranunculus ficaria,Lesser Celandine,Ranunculales,Ranunculaceae,Ranunculus
Cruciata laevipes,Crosswort,Gentianales,Rubiaceae,Cruciata
Crepis vesicaria,Beaked Hawk's-beard,Asterales,Asteraceae,Crepis
Thlaspi arvense,Field Penny-cress,Brassicales,Brassicaceae,Thlaspi
Raphanus raphanistrum,Radish,Brassicales,Brassicaceae,Raphanus
Hippocrepis comosa,Horseshoe Vetch,Fabales,Fabaceae,Hippocrepis
Trifolium campestre,Hop Trefoil,Fabales,Fabaceae,Trifolium
Juncus conglomeratus,Compact Rush,Poales,Juncaceae,Juncus
Epilobium obscurum,Short-fruited Willowherb,Myrtales,Onagraceae,Epilobium
Lotus subbiflorus,Hairy Bird's-foot-trefoil,Fabales,Fabaceae,Lotus
Achillea ptarmica,Sneezewort,Asterales,Asteraceae,Achillea
Persicaria lapathifolia,Pale Persicaria,Caryophyllales,Polygonaceae,Persicaria
Torilis japonica,Upright Hedge-parsley,Apiales,Apiaceae,Torilis
Knautia arvensis,Field Scabious,Dipsacales,Caprifoliaceae,Knautia
Lythrum alatum,Angled Purple-loosestrife,Myrtales,Lythraceae,Lythrum
Armeria maritima,Thrift,Caryophyllales,Plumbaginaceae,Armeria
Ligusticum scoticum,Scottish Lovage,Apiales,Apiaceae,Ligusticum
Cirsium eriophorum,Woolly Thistle,Asterales,Asteraceae,Cirsium
Veronica montana,Wood Speedwell,Lamiales,Plantaginaceae,Veronica
Verbena officinalis,Vervain,Lamiales,Verbenaceae,Verbena
Juncus effusus,Soft-rush,Poales,Juncaceae,Juncus
Leontodon hispidus,Hawkbit,Asterales,Asteraceae,Leontodon
Chenopodium ficifolium,Fig-leaved Goosefoot,Caryophyllales,Amaranthaceae,Chenopodium
Geranium nodosum,Knotted Crane's-bill,Geraniales,Geraniaceae,Geranium
Suaeda maritima,Annual Sea-blite,Caryophyllales,Amaranthaceae,Suaeda
Aster tripolium,Sea Aster,Asterales,Asteraceae,Aster
Ranunculus sardous,Hairy Buttercup,Ranunculales,Ranunculaceae,Ranunculus
Viola canina,Heath Dog-violet,Malpighiales,Violaceae,Viola
Eupatorium cannabinum,Hemp-agrimony,Asterales,Asteraceae,Eupatorium
Cerastium glomeratum,Sticky Mouse-ear,Caryophyllales,Caryophyllaceae,Cerastium
Acer pseudoplatanus,Sycamore,Sapindales,Sapindaceae,Acer
Ajuga reptans,Bugle,Lamiales,Lamiaceae,Ajuga
Euphorbia exigua,Dwarf Spurge,Malpighiales,Euphorbiaceae,Euphorbia
Barbarea vulgaris,Winter-cress,Brassicales,Brassicaceae,Barbarea
Hordeum vulgare,Six-rowed Barley,Poales,Poaceae,Hordeum
Panicum miliaceum,Common Millet,Poales,Poaceae,Panicum
Ceratocapnos claviculata,Climbing Corydalis,Ranunculales,Papaveraceae,Ceratocapnos
Ornithopus perpusillus,Bird's-foot,Fabales,Fabaceae,Ornithopus
Silybum marianum,Milk Thistle,Asterales,Asteraceae,Silybum
Solanum dulcamara,NA,Solanales,Solanaceae,Solanum
Geranium pyrenaicum,Hedgerow Crane's-bill,Geraniales,Geraniaceae,Geranium
Viola palustris,Marsh Violet,Malpighiales,Violaceae,Viola
Lysimachia punctata,Dotted Loosestrife,Ericales,Primulaceae,Lysimachia
Lonicera caprifolium,Garden Honeysuckle,Dipsacales,Caprifoliaceae,Lonicera
Thymus polytrichus,Wild Thyme,Lamiales,Lamiaceae,Thymus
Rosa arvensis,Field-rose,Rosales,Rosaceae,Rosa
Cerastium arvense,Field Mouse-ear,Caryophyllales,Caryophyllaceae,Cerastium
Vicia lutea,Yellow-vetch,Fabales,Fabaceae,Vicia
Chenopodium quinoa,Quinoa,Caryophyllales,Amaranthaceae,Chenopodium
Fagopyrum esculentum,Buckwheat,Caryophyllales,Polygonaceae,Fagopyrum
Brassica oleracea,Kale,Brassicales,Brassicaceae,Brassica
Matricaria chamomilla,Scented Mayweed,Asterales,Asteraceae,Matricaria
Anthriscus caucalis,Bur Chervil,Apiales,Apiaceae,Anthriscus
Carduus nutans,Musk Thistle,Asterales,Asteraceae,Carduus
Centaurium erythraea,Common Centaury,Gentianales,Gentianaceae,Centaurium
Dryas octopetala,Mountain Avens,Rosales,Rosaceae,Dryas
Stachys palustris,Marsh Woundwort,Lamiales,Lamiaceae,Stachys
Linum catharticum,Fairy Flax,Malpighiales,Linaceae,Linum
Carum verticillatum,Whorled Caraway,Apiales,Apiaceae,Carum
Lysimachia vulgaris,Yellow Loosestrife,Ericales,Primulaceae,Lysimachia
Leontodon saxatilis,Lesser Hawkbit,Asterales,Asteraceae,Leontodon
Hypericum pulchrum,Slender St. John's-Wort,Malpighiales,Hypericaceae,Hypericum
Drosera anglica,Great Sundew,Caryophyllales,Droseraceae,Drosera
Zea mays,Maize,Poales,Poaceae,Zea
Jasione montana,Sheep's-bit,Asterales,Campanulaceae,Jasione
Hypericum perforatum,Perforate St. John's-Wort,Malpighiales,Hypericaceae,Hypericum
Bupleurum tenuissimum,Slender Hare's-ear,Apiales,Apiaceae,Bupleurum
Veronica arvensis,Wall Speedwell,Lamiales,Plantaginaceae,Veronica
Artemisia annua,Annual Mugwort,Asterales,Asteraceae,Artemisia
Jacobaea erucifolia,Hoary Ragwort,Asterales,Asteraceae,Jacobaea
Trifolium arvense,Hare's-foot Clover,Fabales,Fabaceae,Trifolium
Potentilla recta,Sulphur Cinquefoil,Rosales,Rosaceae,Potentilla
Raphanus sativus,Garden Radish,Brassicales,Brassicaceae,Raphanus
Epilobium roseum,Pale Willowherb,Myrtales,Onagraceae,Epilobium
Valeriana dioica,Marsh Valerian,Dipsacales,Caprifoliaceae,Valeriana
Fallopia convolvulus,Black-bindweed,Caryophyllales,Polygonaceae,Fallopia
Clinopodium vulgare,Wild Basil,Lamiales,Lamiaceae,Clinopodium
Pimpinella saxifraga,Burnet-saxifrage,Apiales,Apiaceae,Pimpinella
Veronica polita,Grey Field-speedwell,Lamiales,Plantaginaceae,Veronica
Tripleurospermum maritimum,Scentless Mayweed agg.,Asterales,Asteraceae,Tripleurospermum
Scrophularia auriculata,Water Figwort,Lamiales,Scrophulariaceae,Scrophularia
Symphytum officinale,Russian Comfrey,NA,Boraginaceae,Symphytum
Sinapis alba,White Mustard,Brassicales,Brassicaceae,Sinapis
Berula erecta,Lesser Water-parsnip,Apiales,Apiaceae,Berula
Senecio jacobaea,NA,Asterales,Asteraceae,Senecio
Malva sylvestris,Common Mallow,Malvales,Malvaceae,Malva
Atriplex patula,Common Orache,Caryophyllales,Amaranthaceae,Atriplex
Spergularia media,Greater Sea-spurrey,Caryophyllales,Caryophyllaceae,Spergularia
Circaea lutetiana,Upland Enchanter's-nightshade,Myrtales,Onagraceae,Circaea
Picris hieracioides,Hawkweed Oxtongue,Asterales,Asteraceae,Picris
