species,english_name,order,family,genus,mean_dry_mass,mean_intertegular_distance
Platycheirus granditarsus,NA,Diptera,Syrphidae,Platycheirus,NA,NA
Platycheirus albimanus,NA,Diptera,Syrphidae,Platycheirus,3.701000222222222,1.8145555555555555
Melanostoma scalare,NA,Diptera,Syrphidae,Melanostoma,3.7286363636363635,1.5798181818181818
Syrphus vitripennis,NA,Diptera,Syrphidae,Syrphus,15.19,2.461
Neoascia podagrica,NA,Diptera,Syrphidae,Neoascia,NA,NA
Eristalis tenax,NA,Diptera,Syrphidae,Eristalis,37.285545545454546,4.189727272727273
Eupeodes latifasciatus,NA,Diptera,Syrphidae,Eupeodes,6.071,2.0085
Eupeodes luniger,NA,Diptera,Syrphidae,Eupeodes,15.62250025,2.6712499999999997
Helophilus pendulus,NA,Diptera,Syrphidae,Helophilus,23.479333333333333,3.333
Meliscaeva cinctella,NA,Diptera,Syrphidae,Meliscaeva,2.21,1.703
Syrphus ribesii,NA,Diptera,Syrphidae,Syrphus,14.9760835,3.149125
Xylota segnis,NA,Diptera,Syrphidae,Xylota,11.354333333333333,2.4486666666666665
Sericomyia silentis,NA,Diptera,Syrphidae,Sericomyia,35.621,4.349
Eristalis arbustorum,NA,Diptera,Syrphidae,Eristalis,20.562444444444445,3.161111111111111
Melanostoma mellinum,NA,Diptera,Syrphidae,Melanostoma,4.933333416666667,1.6035
Rhingia campestris,NA,Diptera,Syrphidae,Rhingia,11.845333333333333,2.81
Episyrphus balteatus,Marmalade Hoverfly,Diptera,Syrphidae,Episyrphus,8.686708375,2.375375
Bombus lucorum,White/Buff-tailed Bumblebee workers,Hymenoptera,Apidae,Bombus,61.5003092972973,3.961593209009009
Dasysyrphus albostriatus,NA,Diptera,Syrphidae,Dasysyrphus,7.621,2.2203333333333335
Meliscaeva auricollis,NA,Diptera,Syrphidae,Meliscaeva,2.502889,2.0656666666666665
Volucella pellucens,NA,Diptera,Syrphidae,Volucella,57.221,4.837
Platycheirus scutatus,NA,Diptera,Syrphidae,Platycheirus,NA,NA
Bombus pratorum,Early Bumblebee,Hymenoptera,Apidae,Bombus,40.748865276595744,3.481959570212766
Bombus hypnorum,Tree Bumblebee,Hymenoptera,Apidae,Bombus,53.230304347826085,3.9527391304347828
Syritta pipiens,NA,Diptera,Syrphidae,Syritta,4.653743615384616,1.5895384615384616
Eupeodes corollae,NA,Diptera,Syrphidae,Eupeodes,4.8901334,1.9245999999999999
Bombus lucorum,NA,Hymenoptera,Apidae,Bombus,61.5003092972973,3.961593209009009
Halictus rubicundus,Yellow-legged Furrow Bee,Hymenoptera,Halictidae,Halictus,9.349708375,1.9875224999999999
Eristalis pertinax,NA,Diptera,Syrphidae,Eristalis,23.621,3.487
Chrysotoxum arcuatum,NA,Diptera,Syrphidae,Chrysotoxum,NA,NA
Bombus pascuorum,Common Carder Bee,Hymenoptera,Apidae,Bombus,71.53944114705882,4.022711832352941
Bombus hortorum,Small Garden Bumblebee,Hymenoptera,Apidae,Bombus,67.60467776666667,4.243217946666666
Helophilus hybridus,NA,Diptera,Syrphidae,Helophilus,NA,NA
Platycheirus manicatus,NA,Diptera,Syrphidae,Platycheirus,NA,NA
Cheilosia albitarsis,NA,Diptera,Syrphidae,Cheilosia,NA,NA
Lasioglossum leucozonium,White-zoned Furrow Bee,Hymenoptera,Halictidae,Lasioglossum,7.643933333333333,1.70679486
Apis mellifera,Western Honey Bee,Hymenoptera,Apidae,Apis,24.50403448275862,2.949320268965517
Lasioglossum villosulum,Shaggy Furrow Bee,Hymenoptera,Halictidae,Lasioglossum,3.79770834375,1.3555036875
Lasioglossum calceatum,Common Furrow Bee,Hymenoptera,Halictidae,Lasioglossum,6.902732178571429,1.7330855785714285
Bombus terrestris,NA,Hymenoptera,Apidae,Bombus,96.77160301123595,4.564807988764045
Andrena haemorrhoa,Orange-tailed Mining Bee,Hymenoptera,Andrenidae,Andrena,18.14189189189189,2.3933497297297297
Andrena angustior,Groove-faced Mining Bee,Hymenoptera,Andrenidae,Andrena,NA,NA
Halictus tumulorum,Bronze Furrow Bee,Hymenoptera,Halictidae,Halictus,4.100279069767442,1.3848284604651162
Andrena minutula,Common Mini-miner,Hymenoptera,Andrenidae,Andrena,3.204888888888889,1.4029390518518519
Lasioglossum laevigatum,Red-backed Furrow Bee,Hymenoptera,Halictidae,Lasioglossum,NA,NA
Lasioglossum leucopus,White-footed Furrow Bee,Hymenoptera,Halictidae,Lasioglossum,2.341667,1.2
Myathropa florea,NA,Diptera,Syrphidae,Myathropa,23.877555666666666,3.9275
Lasioglossum morio,Green Furrow Bee,Hymenoptera,Halictidae,Lasioglossum,1.7150400000000001,1.043156696
Hylaeus communis,Common Yellow-face Bee,Hymenoptera,Colletidae,Hylaeus,4.374476285714286,1.3753358857142857
Sphaerophoria taeniata,NA,Diptera,Syrphidae,Sphaerophoria,3.8575,1.6855
Platycheirus peltatus,NA,Diptera,Syrphidae,Platycheirus,NA,NA
Sphaerophoria scripta,NA,Diptera,Syrphidae,Sphaerophoria,7.2945001000000005,1.7626
Lasioglossum albipes,Bloomed Furrow Bee,Hymenoptera,Halictidae,Lasioglossum,NA,NA
Lasioglossum malachurum,Sharp-collared Furrow Bee,Hymenoptera,Halictidae,Lasioglossum,7.9582,1.66060968
Eristalinus sepulchralis,NA,Diptera,Syrphidae,Eristalinus,NA,NA
Andrena bicolor,Gwynne's Mining Bee,Hymenoptera,Andrenidae,Andrena,12.101765444444444,2.0261873407407407
Lasioglossum pauxillum,Lobe-spurred Furrow Bee,Hymenoptera,Halictidae,Lasioglossum,2.368406015037594,1.1154085218045113
Hylaeus confusus,White-jawed Yellow-face Bee,Hymenoptera,Colletidae,Hylaeus,NA,NA
Bombus lucorum,White-tailed Bumblebee,Hymenoptera,Apidae,Bombus,61.5003092972973,3.961593209009009
Andrena cineraria,Ashy Mining Bee,Hymenoptera,Andrenidae,Andrena,35.78794444444444,2.840297777777778
Andrena chrysosceles,Hawthorn Mining Bee,Hymenoptera,Andrenidae,Andrena,11.152190476190476,1.7036246952380951
Osmia bicolor,Red-tailed Mason Bee,Hymenoptera,Megachilidae,Osmia,22.996,2.5573964
Andrena nigroaenea,Buffish Mining Bee,Hymenoptera,Andrenidae,Andrena,32.72367213114754,2.8415408622950817
Andrena nitida,Grey-patched Mining Bee,Hymenoptera,Andrenidae,Andrena,34.9854,2.776782857142857
Lasioglossum xanthopus,Orange-footed Furrow Bee,Hymenoptera,Halictidae,Lasioglossum,21.779333333333334,2.4723886999999998
Bombus lapidarius,Red-tailed Bumblebee,Hymenoptera,Apidae,Bombus,56.845029411764706,3.7588716617647058
Platycheirus tarsalis,NA,Diptera,Syrphidae,Platycheirus,NA,NA
Lasioglossum fulvicorne,Chalk Furrow Bee,Hymenoptera,Halictidae,Lasioglossum,3.8716,1.36435
Ferdinandea cuprea,NA,Diptera,Syrphidae,Ferdinandea,15.357416749999999,3.2925
Chalcosyrphus nemorum,NA,Diptera,Syrphidae,Chalcosyrphus,12.321,2.184
Coelioxys inermis,Shiny-vented Sharp-tail Bee,Hymenoptera,Megachilidae,Coelioxys,10.196,1.9848158
Bombus rupestris,Hill Cuckoo Bee,Hymenoptera,Apidae,Bombus,178.596,5.8196076
Eristalis abusiva,NA,Diptera,Syrphidae,Eristalis,NA,NA
Scaeva pyrastri,NA,Diptera,Syrphidae,Scaeva,19.192916750000002,3.1245
Cheilosia bergenstammi,NA,Diptera,Syrphidae,Cheilosia,NA,NA
Lasioglossum fratellum,Smooth-faced Furrow Bee,Hymenoptera,Halictidae,Lasioglossum,NA,NA
Neoascia geniculata,NA,Diptera,Syrphidae,Neoascia,NA,NA
Eristalis nemorum,NA,Diptera,Syrphidae,Eristalis,NA,NA
Lasioglossum rufitarse,Rufous-footed Furrow Bee,Hymenoptera,Halictidae,Lasioglossum,NA,NA
Bombus bohemicus,Gypsy Cuckoo Bee,Hymenoptera,Apidae,Bombus,42.833,3.916
Andrena coitana,Small Flecked Mining Bee,Hymenoptera,Andrenidae,Andrena,NA,NA
Neoascia tenur,NA,Diptera,Syrphidae,Neoascia,NA,NA
Andrena subopaca,Impunctate Mini-miner,Hymenoptera,Andrenidae,Andrena,4.435803045454545,1.4016818181818183
Megachile willughbiella,Willughby's Leafcutter Bee,Hymenoptera,Megachilidae,Megachile,40.45,3.3875
Bombus sylvestris,Forest Cuckoo Bee,Hymenoptera,Apidae,Bombus,85.39,4.45725
Lasioglossum zonulum,Bull-headed Furrow Bee,Hymenoptera,Halictidae,Lasioglossum,3.324,1.455
Lasioglossum smeathmanellum,Smeathman's Furrow Bee,Hymenoptera,Halictidae,Lasioglossum,NA,NA
Megachile ligniseca,Wood-carving Leafcutter Bee,Hymenoptera,Megachilidae,Megachile,NA,NA
Nomada fabriciana,Fabricius' Nomad Bee,Hymenoptera,Apidae,Nomada,6.004526315789474,1.4868733789473685
Nomada flavoguttata,Little Nomad Bee,Hymenoptera,Apidae,Nomada,2.58,1.2413333333333334
Nomada panzeri,Panzer's Nomad Bee,Hymenoptera,Apidae,Nomada,NA,NA
Cheilosia pagana,NA,Diptera,Syrphidae,Cheilosia,NA,NA
Eumerus funeralis,NA,Diptera,Syrphidae,Eumerus,NA,NA
Sphaerophoria interrupta,NA,Diptera,Syrphidae,Sphaerophoria,NA,NA
Dasysyrphus venustus,NA,Diptera,Syrphidae,Dasysyrphus,9.621,2.736
Andrena fulva,Tawny Mining Bee,Hymenoptera,Andrenidae,Andrena,27.198461538461537,2.7290861384615384
Andrena scotica,Chocolate Mining Bee,Hymenoptera,Andrenidae,Andrena,NA,NA
Bombus soroeensis,Broken-belted Bumblebee,Hymenoptera,Apidae,Bombus,NA,NA
Bombus jonellus,Heath Bumblebee,Hymenoptera,Apidae,Bombus,NA,NA
Bombus campestris,Field Cuckoo Bee,Hymenoptera,Apidae,Bombus,NA,NA
Xylota jakutorum,NA,Diptera,Syrphidae,Xylota,NA,NA
Melanogaster hirtella,NA,Diptera,Syrphidae,Melanogaster,NA,NA
Cheilosia latifrons,NA,Diptera,Syrphidae,Cheilosia,NA,NA
Osmia leaiana,Orange-vented Mason Bee,Hymenoptera,Megachilidae,Osmia,10.996,2.0440932
Lasioglossum minutissimum,Least Furrow Bee,Hymenoptera,Halictidae,Lasioglossum,1,0.91065719999999994
Chrysotoxum bicinctum,NA,Diptera,Syrphidae,Chrysotoxum,18.0438335,2.808
Andrena semilaevis,Shiny-margined Mini-miner,Hymenoptera,Andrenidae,Andrena,NA,NA
Tropidia scita,NA,Diptera,Syrphidae,Tropidia,NA,NA
Helophilus trivittatus,NA,Diptera,Syrphidae,Helophilus,36.87605263157894,3.7794736842105263
Lasioglossum cupromicans,Turquoise Furrow Bee,Hymenoptera,Halictidae,Lasioglossum,2.15,1.2000000000000002
Bombus monticola,Bilberry Bumblebee,Hymenoptera,Apidae,Bombus,NA,NA
Lasioglossum lativentre,Furry-claspered Furrow Bee,Hymenoptera,Halictidae,Lasioglossum,5.240666666666667,1.5376666666666665
Andrena fucata,Painted Mining Bee,Hymenoptera,Andrenidae,Andrena,NA,NA
Cheilosia vernalis,NA,Diptera,Syrphidae,Cheilosia,NA,NA
Lejogaster metallina,NA,Diptera,Syrphidae,Lejogaster,0.994,1.371
Platycheirus clypeatus,NA,Diptera,Syrphidae,Platycheirus,6.1825,1.473375
Epistrophe grossulariae,NA,Diptera,Syrphidae,Epistrophe,NA,NA
Hylaeus hyalinatus,Hairy Yellow-face,Hymenoptera,Colletidae,Hylaeus,NA,NA
Eumerus strigatus,Lesser Bulb-Fly,Diptera,Syrphidae,Eumerus,3.0055,1.7505000000000002
Sericomyia superbiens,NA,Diptera,Syrphidae,Sericomyia,NA,NA
Bombus muscorum,Moss Carder Bee,Hymenoptera,Apidae,Bombus,NA,NA
Xanthogramma stackelbergi,NA,Diptera,Syrphidae,Xanthogramma,NA,NA
Cheilosia proxima,NA,Diptera,Syrphidae,Cheilosia,NA,NA
Eristalis horticola,NA,Diptera,Syrphidae,Eristalis,NA,NA
Sphaerophoria philanthus,NA,Diptera,Syrphidae,Sphaerophoria,NA,NA
Nomada flavopicta,Blunthorn Nomad Bee,Hymenoptera,Apidae,Nomada,NA,NA
Andrena flavipes,Yellow-legged Mining Bee,Hymenoptera,Andrenidae,Andrena,19.88181052631579,2.3064958989473685
Orthonevra nobilis,NA,Diptera,Syrphidae,Orthonevra,NA,NA
Sphecodes ephippius,Bare-saddled Blood Bee,Hymenoptera,Halictidae,Sphecodes,4.45,1.3126989999999998
Lasioglossum punctatissimum,Long-faced Furrow Bee,Hymenoptera,Halictidae,Lasioglossum,NA,NA
Melangyna umbellatarum,NA,Diptera,Syrphidae,Melangyna,NA,NA
Rhingia rostrata,NA,Diptera,Syrphidae,Rhingia,13.870999999999999,2.842
Dasypoda hirtipes,Pantaloon Bee,Hymenoptera,Melittidae,Dasypoda,33.93333333333334,3.1366666666666667
Lasioglossum puncticolle,Ridge-cheeked Furrow Bee,Hymenoptera,Halictidae,Lasioglossum,6.346,1.6217688666666668
Hylaeus pectoralis,Reed Yellow-face Bee,Hymenoptera,Colletidae,Hylaeus,2.666667,1.3
Anasimyia contracta,NA,Diptera,Syrphidae,Anasimyia,NA,NA
Andrena thoracica,Cliff Mining Bee,Hymenoptera,Andrenidae,Andrena,43.6,3.21
Anthophora furcata,Fork-tailed Flower Bee,Hymenoptera,Apidae,Anthophora,NA,NA
Andrena dorsata,Short-fringed Mining Bee,Hymenoptera,Andrenidae,Andrena,10.500722222222223,1.9954444444444444
Megachile versicolor,Brown-footed Leafcutter Bee,Hymenoptera,Megachilidae,Megachile,NA,NA
Sphaerophoria rueppellii,NA,Diptera,Syrphidae,Sphaerophoria,NA,NA
Andrena lapponica,Bilberry Mining Bee,Hymenoptera,Andrenidae,Andrena,NA,NA
Volucella bombylans,NA,Diptera,Syrphidae,Volucella,NA,NA
Eristalis intricaria,NA,Diptera,Syrphidae,Eristalis,NA,NA
Volucella inanis,NA,Diptera,Syrphidae,Volucella,NA,NA
Andrena helvola,Coppice Mining Bee,Hymenoptera,Andrenidae,Andrena,10.601111111111111,2.001535
Melangyna labiatarum,NA,Diptera,Syrphidae,Melangyna,NA,NA
Bombus vestalis,Vestal Cuckoo Bee,Hymenoptera,Apidae,Bombus,48.48866666666667,3.783
Xylota sylvarum,NA,Diptera,Syrphidae,Xylota,21.6055,3.2085
Chrysogaster virescens,NA,Diptera,Syrphidae,Chrysogaster,NA,NA
Chelostoma campanularum,Small Scissor Bee,Hymenoptera,Megachilidae,Chelostoma,NA,NA
Eumerus ornatus,NA,Diptera,Syrphidae,Eumerus,9.821,1.78
Volucella inflata,NA,Diptera,Syrphidae,Volucella,24.871000000000002,4.0055
Merodon equestris,Greater Bulb-Fly,Diptera,Syrphidae,Merodon,42.457499999999996,4.215
Sericomyia lappona,NA,Diptera,Syrphidae,Sericomyia,NA,NA
Nomada marshamella,Marsham's Nomad Bee,Hymenoptera,Apidae,Nomada,NA,NA
Nomada lathburiana,Lathbury's Nomad Bee,Hymenoptera,Apidae,Nomada,NA,NA
Nomada ruficornis,Fork-jawed Nomad Bee,Hymenoptera,Apidae,Nomada,NA,NA
Melitta leporina,Clover Blunthorn Bee,Hymenoptera,Melittidae,Melitta,NA,NA
Osmia bicornis,Red Mason Bee,Hymenoptera,Megachilidae,Osmia,20.758125,2.8398522375
Parhelophilus frutetorum,NA,Diptera,Syrphidae,Parhelophilus,NA,NA
Lasioglossum parvulum,Smooth-gastered Furrow Bee,Hymenoptera,Halictidae,Lasioglossum,4.55,1.25
Osmia spinulosa,Spined Mason Bee,Hymenoptera,Megachilidae,Osmia,8.546,1.9128361000000003
Lasioglossum quadrinotatum,Four-spotted Furrow Bee,Hymenoptera,Halictidae,Lasioglossum,NA,NA
Anthidium manicatum,Wool Carder Bee,Hymenoptera,Megachilidae,Anthidium,40.355555555555554,3.5913633333333332
Lasioglossum pauperatum,Squat Furrow Bee,Hymenoptera,Halictidae,Lasioglossum,NA,NA
Pipiza bimaculata,NA,Diptera,Syrphidae,Pipiza,NA,NA
Nomada flava,Flavous Nomad Bee,Hymenoptera,Apidae,Nomada,16.84,1.777
Parhelophilus versicolor,NA,Diptera,Syrphidae,Parhelophilus,NA,NA
Anasimyia lineata,NA,Diptera,Syrphidae,Anasimyia,NA,NA
Bombus terrestris,Buff-tailed Bumblebee,Hymenoptera,Apidae,Bombus,96.77160301123595,4.564807988764045
Melanostoma form,NA,Diptera,Syrphidae,Melanostoma,NA,NA
Cheilosia fraterna,NA,Diptera,Syrphidae,Cheilosia,NA,NA
Parasyrphus punctulatus,NA,Diptera,Syrphidae,Parasyrphus,2.921,1.749
Melangyna lasiophthalma,NA,Diptera,Syrphidae,Melangyna,NA,NA
Sphegina clunipes,NA,Diptera,Syrphidae,Sphegina,NA,NA
Cheilosia illustrata,NA,Diptera,Syrphidae,Cheilosia,NA,NA
Dasysyrphus neovenustus,NA,Diptera,Syrphidae,Dasysyrphus,NA,NA
Nomada fucata,Painted Nomad Bee,Hymenoptera,Apidae,Nomada,13,2.08
Nomada flava,NA,Hymenoptera,Apidae,Nomada,16.84,1.777
Andrena synadelpha,Broad-margined Mining Bee,Hymenoptera,Andrenidae,Andrena,NA,NA
Bombus lucorum,White-tailed Bumblebee agg.,Hymenoptera,Apidae,Bombus,61.5003092972973,3.961593209009009
Apis mellifera,Honey Bee,Hymenoptera,Apidae,Apis,24.50403448275862,2.949320268965517
Hylaeus dilatatus,Chalk Yellow-face Bee,Hymenoptera,Colletidae,Hylaeus,5.596,1.306057
Syrphus rectus,NA,Diptera,Syrphidae,Syrphus,NA,NA
Lasioglossum calceatum,Slender Mining Bee,Hymenoptera,Halictidae,Lasioglossum,6.902732178571429,1.7330855785714285
Eristalis abusivus,NA,Diptera,Syrphidae,Eristalis,NA,NA
Bombus lapidarius,Large Red-tailed Bumblebee,Hymenoptera,Apidae,Bombus,56.845029411764706,3.7588716617647058
Eristalis intricarius,NA,Diptera,Syrphidae,Eristalis,NA,NA
Lasioglossum morio,Brassy Mining Bee,Hymenoptera,Halictidae,Lasioglossum,1.7150400000000001,1.043156696
Bombus sylvestris,Forest Cuckoo Bumblebee,Hymenoptera,Apidae,Bombus,85.39,4.45725
Syrphus torvus,NA,Diptera,Syrphidae,Syrphus,6.771,2.488
Anasimyia transfuga,NA,Diptera,Syrphidae,Anasimyia,NA,NA
Eristalinus aeneus,NA,Diptera,Syrphidae,Eristalinus,23.271,2.9415
Andrena flavipes,Yellow Legged Mining Bee,Hymenoptera,Andrenidae,Andrena,19.88181052631579,2.3064958989473685
Colletes similis,Bare-saddled Colletes,Hymenoptera,Colletidae,Colletes,8.463,2.264333333333333
Eristalis rupium,NA,Diptera,Syrphidae,Eristalis,NA,NA
Pipizella viduata,NA,Diptera,Syrphidae,Pipizella,NA,NA
Bombus bohemicus,Gipsy Cuckoo Bee,Hymenoptera,Apidae,Bombus,42.833,3.916
Leucozona glaucia,NA,Diptera,Syrphidae,Leucozona,NA,NA
Xanthogramma pedissequum,NA,Diptera,Syrphidae,Xanthogramma,14.178666666666667,2.462
Platycheirus rosarum,NA,Diptera,Syrphidae,Platycheirus,NA,NA
Sphaerophoria fatarum,NA,Diptera,Syrphidae,Sphaerophoria,NA,NA
Anthophora furcata,Fork Tailed Flower Bee,Hymenoptera,Apidae,Anthophora,NA,NA
Chrysotoxum festivum,NA,Diptera,Syrphidae,Chrysotoxum,NA,NA
Sphecodes crassus,Swollen-thighed Blood Bee,Hymenoptera,Halictidae,Sphecodes,8.89,1.263
Andrena bucephala,Big-headed Mining Bee,Hymenoptera,Andrenidae,Andrena,13.521,2.308
Cheilosia lasiopa,NA,Diptera,Syrphidae,Cheilosia,NA,NA
Anthophora plumipes,Hairy-footed Flower Bee,Hymenoptera,Apidae,Anthophora,45.060125,4.107567883333333
Xylota abiens,NA,Diptera,Syrphidae,Xylota,NA,NA
Nomada goodeniana,Gooden's Nomad Bee,Hymenoptera,Apidae,Nomada,13.976470588235294,2.0094117647058822
Nomada striata,Blunt-jawed Nomad Bee,Hymenoptera,Apidae,Nomada,NA,NA
Panurgus calcaratus,Small Shaggy Bee,Hymenoptera,Andrenidae,Panurgus,12.5,1.26
Andrena denticulata,Grey-banded Mining Bee,Hymenoptera,Andrenidae,Andrena,NA,NA
Panurgus banksianus,Large Shaggy Bee,Hymenoptera,Andrenidae,Panurgus,14.9,2.16
Dasypoda hirtipes,Hairy Legged Mining Bee,Hymenoptera,Melittidae,Dasypoda,33.93333333333334,3.1366666666666667
Sphecodes monilicornis,Square-headed Blood Bee,Hymenoptera,Halictidae,Sphecodes,NA,NA
Bombus barbutellus,Barbut's Cuckoo Bee,Hymenoptera,Apidae,Bombus,NA,NA
Sphecodes geoffrellus,Geoffroy's Blood Bee,Hymenoptera,Halictidae,Sphecodes,NA,NA
Colletes succinctus,Heather (Girdled) Colletes,Hymenoptera,Colletidae,Colletes,NA,NA
Sphecodes niger,Dark Blood Bee,Hymenoptera,Halictidae,Sphecodes,NA,NA
Megachile versicolor,NA,Hymenoptera,Megachilidae,Megachile,NA,NA
Arctophila superbiens,NA,Diptera,Syrphidae,Arctophila,NA,NA
Dasysyrphus tricinctus,NA,Diptera,Syrphidae,Dasysyrphus,NA,NA
Bombus humilis,Brown-banded Carder Bee,Hymenoptera,Apidae,Bombus,62.739999999999995,3.9515
Neoascia meticulosa,NA,Diptera,Syrphidae,Neoascia,NA,NA
Riponnensia splendens,NA,Diptera,Syrphidae,Riponnensia,NA,NA
Andrena wilkella,Wilke's Mining Bee,Hymenoptera,Andrenidae,Andrena,16.16622222222222,2.1596479333333334
Hylaeus communis,Common Yellow Face Bee,Hymenoptera,Colletidae,Hylaeus,4.374476285714286,1.3753358857142857
Chrysogaster cemiteriorum,NA,Diptera,Syrphidae,Chrysogaster,NA,NA
Andrena tarsata,Tormentil Mining Bee,Hymenoptera,Andrenidae,Andrena,NA,NA
Hylaeus brevicornis,Short-horned Yellow-face Bee,Hymenoptera,Colletidae,Hylaeus,NA,NA
Nomada obtusifrons,Flat-ridged Nomad Bee,Hymenoptera,Apidae,Nomada,NA,NA
Platycheirus ramsarensis,NA,Diptera,Syrphidae,Platycheirus,NA,NA
Megachile centuncularis,Patchwork Leafcutter Bee,Hymenoptera,Megachilidae,Megachile,19.418181818181818,2.7409090909090907
Bombus ruderarius,Red-shanked Carder Bee,Hymenoptera,Apidae,Bombus,98.396,5.069846200000001
Andrena alfkenella,Alfken's Mini-miner,Hymenoptera,Andrenidae,Andrena,2.054,1.332
Andrena nigriceps,Black-headed Mining Bee,Hymenoptera,Andrenidae,Andrena,NA,NA
Bombus ruderatus,Large Garden (Ruderal) Bumblebee,Hymenoptera,Apidae,Bombus,NA,NA
Scaeva selenitica,NA,Diptera,Syrphidae,Scaeva,9.19,3.049
Leucozona laternaria,NA,Diptera,Syrphidae,Leucozona,NA,NA
Sphecodes ferruginatus,Dull-headed Blood Bee,Hymenoptera,Halictidae,Sphecodes,NA,NA
Platycheirus nielseni,NA,Diptera,Syrphidae,Platycheirus,NA,NA
Coelioxys elongata,Dull-vented Sharp-tail Bee,Hymenoptera,Megachilidae,Coelioxys,NA,NA
Andrena trimmerana,Trimmer's Mining Bee,Hymenoptera,Andrenidae,Andrena,NA,NA
Osmia caerulescens,Blue Mason Bee,Hymenoptera,Megachilidae,Osmia,10.778538461538462,2.1336923076923076
Melangyna cincta,NA,Diptera,Syrphidae,Melangyna,NA,NA
Macropis europaea,Yellow Loosestrife Bee,Hymenoptera,Melittidae,Macropis,4.211,2.376
Andrena humilis,Buff-tailed Mining Bee,Hymenoptera,Andrenidae,Andrena,NA,NA
Eucera longicornis,Long-horned Bee,Hymenoptera,Apidae,Eucera,17.901,3.073
Halictus confusus,Southern Bronze Furrow Bee,Hymenoptera,Halictidae,Halictus,3.48125,1.346403125
Halictus eurygnathus,Downland Furrow Bee,Hymenoptera,Halictidae,Halictus,NA,NA
Cheilosia soror,NA,Diptera,Syrphidae,Cheilosia,NA,NA
Chrysotoxum verralli,NA,Diptera,Syrphidae,Chrysotoxum,15.971,3.0995
Melanogaster aerosa,NA,Diptera,Syrphidae,Melanogaster,NA,NA
