sciname,FE
Acanthephyra armata,1.963
Acanthephyra armata,3.954
Acetes japonicus,14
Acetes japonicus,6.2
Acetes japonicus,0.7
Acetes japonicus,3.9
Actinopyga caerulea,4.1
Actinopyga mauritiana,66
Ameghinomya antiqua,5.2
Amphioctopus fangsiao,2.2
Amphioctopus marginatus,0.244
Anadara broughtonii,0.02635
Anadara broughtonii,5
Anadara broughtonii,0.04269
Anadara broughtonii,0.04843
Anadara sativa,11.3
Anadara senilis,25.71
Anodonta woodiana,18.2
Anthocidaris crassispina,2.4
Anthocidaris crassispina,4
Anthocidaris crassispina,1.8
Anthocidaris crassispina,0.7
Anthocidaris crassispina,6.2
Anthocidaris crassispina,5
Aplysia kurodai,1.7
Apostichopus japonicus,4
Apostichopus japonicus,0.1
Apostichopus japonicus,1.2
Arca noae,12.5
Arctica islandica,5.3
Aristaeomorpha foliacea,1.4
Aristeus antennatus,9
"Astacus, orconectes,, procambarus spp.",0.55
"Astacus, orconectes,, procambarus spp.",0.83
"Astacus, orconectes,, procambarus spp.",1.11
"Astacus, orconectes,, procambarus spp.",0.84
Atergatis reticulatus,0.6
Atrina pectinata,6.5
Atrina pectinata,8.2
Atrina pectinata,0.8
Atrina pectinata,0.6
Aulacomya atra,1.2
Aulacomya atra,3.3
Austrovenus stutchburyi,7.9
"Babylonia japonica, buccinum striatissimum, buccinum tsubai",0.7
Babylonia spirata,1.313
Babylonia spirata,1.8
Batissa violacea,26.8
Birgus latro,1.735
Bohadschia argus,33
Brotia costula,5.07
Buccinum opisoplectum,1.6
Buccinum striatissimum,2.1
Buccinum undatum,6.68
Calappa granulata,15.63
Callinectes pallidus,0.93
Callinectes pallidus,1.252
Callinectes sapidus,0.91
Callinectes sapidus,0.7
Callinectes sapidus,0.5
Callinectes sapidus,0.3
Callinectes sapidus,1.08
Callinectes sapidus,0.9
Callinectes sapidus,0.74
Callinectes sapidus,2.32
Callinectes sapidus,0.6
Callinectes sapidus,0.674
Callinectes sapidus,1.19
Callinectes sapidus,1.67
Cancer magister,0.3
Cancer magister,4.42
Cancer magister,0.4
Cancer magister,0.365
Cancer magister,0.35
Cancer magister,0.43
Cancer magister,0.37
Cancer pagurus,0.5
Cancer pagurus,0.57
Cancer pagurus,0.6
Cancer pagurus,0.7
Cancer polydon,0.59
Cancer polydon,2.27
Cancer porteri,0.8
Cancer porteri,2.07
Cantharus lineatus,7.8
Cardisoma armatum,1.302
Cardisoma armatum,1.05
"Caridea, caprellida",0.109
"Caridea, caprellida",3.09
"Caridea, caprellida",0.1
"Caridea, caprellida",2.4
"Caridea, caprellida",9.86
"Caridea, caprellida",23.7
"Caridea, caprellida",8
"Caridea, caprellida",0
"Caridea, caprellida",1.5
"Caridea, caprellida",0.539
"Caridea, caprellida",8.5
"Caridea, caprellida",1.98
Cervimunida johni,2.5
Chaceon maritae,1.85
Chaceon maritae,1.2
Chamelea gallina,6.44
Chamelea gallina,6.73
Chamelea gallina,7.7
Chamelea gallina,9.7
Chamelea gallina,12.2
Chamelea gallina,10.7
Chamelea gallina,6.31
Chamelea gallina,8.2
Charonia sauliae,5
Charybdis japonica,1.9
Charybdis natator,1.05
Charybdis natator,1.34
Chionoecetes japonicus,1.5
Chionoecetes opilio,0.7
Chionoecetes opilio,1.1
Chionoecetes opilio,0.5
Chionoecetes opilio,2.5
Chionoecetes opilio,3.9
Chionoecetes opilio,2.88
Chlamys farreri,3.2
Chlamys glabra,15.7107
Cipangopaludina chinensis,4.3
Cipangopaludina chinensis,17.1
"Cipangopaludina chinensis laeta, sinotais quadrata histricus",19.4
Cipangopaludina chinensis malleata,5.8
Clinocardium nuttallii,16.2
Concholepas concholepas,0.7
Cookia sulcata,5.81
Cookia sulcata,7.41
Corbicula fluminea,21
"Corbicula leana, corbicula japonica",14.8
"Corbicula leana, corbicula japonica",8.3
Crangon crangon,1.6
Crangon crangon,1.7
Crangon crangon,2
Crassostrea bilineata,0.064
Crassostrea gaster,16.52
Crassostrea gigas,4.5
Crassostrea gigas,1.6
Crassostrea gigas,3.9
Crassostrea gigas,4.43
Crassostrea gigas,3.7
Crassostrea gigas,1.3
Crassostrea gigas,2.8
Crassostrea gigas,9.2
Crassostrea gigas,1.9
Crassostrea gigas,2.7
Crassostrea gigas,16.8
Crassostrea gigas,2.6
Crassostrea gigas,5.45
Crassostrea gigas,8.2
Crassostrea gigas,3.5
Crassostrea gigas,3.2
Crassostrea gigas,2
Crassostrea gigas,5.11
Crassostrea madrasensis,3.7
Crassostrea nippona,3.9
Crassostrea rhizophorae,3.1
Crassostrea rhizophorae,2.4
Crassostrea rhizophorae,2.5
Crassostrea rhizophorea,0.58
Crassostrea virginica,4.61
Crassostrea virginica,5.2
Crassostrea virginica,9.21
Crassostrea virginica,7.4
Crassostrea virginica,7.77
Crassostrea virginica,5.9
Crassostrea virginica,5.78
Crassostrea virginica,4.6
Crassostrea virginica,5.8
Crassostrea virginica,6.7
Crassostrea virginica,5.3
Crassostrea virginica,4.7
Crassostrea virginica,7.1
Crassostrea virginica,6.95
Crassostrea virginica,7.65
Crassostrea virginica,8.23
Crassostrea virginica,7.16
Cryptochiton stelleri,16
Cucumaria frondosa,18.82
Cyclina sinensis,2.4
Cypraea tigris,47.52
Dolabella auricularia,2.8
Dolabella auricularia,0.8
Dolabella auricularia,4.1
Dolabella auricularia,1
Dolabella auricularia,0.6
Dolabella auricularia,0.96
Dolabella auricularia,3.95
Dolabella auricularia,1.2
Dolabella auricularia,3
Dolabella auricularia,0.95
Dolabella auricularia,3.8
Dolabella auricularia,1.3
Dolabella auricularia,0.31
Donax deltoides,7.6
Donax variabilis,61.2
Dorsanum miran,0.29
Dosinia japonica,3.8
Egeria radiata,0.214
Egeria radiata,0.61
Ensis directus,11
Ensis directus,3.75
Enteroctopus dofleini,4.9
Enteroctopus dofleini,5.3
Erimacrus isenbeckii,0.6
Erimacrus isenbeckii,0.5
Eriocheir sinensis,14.6
Eriocheir sinensis,11.4
Eriocheir sinensis,3.9
Eriphia verrucosa,3.3687
Eriphia verrucosa,0.46
Euphausia superba,0.6
Euphausia superba,2
Euphausia superba,0.8
Eusergestes arcticus,0.32
Evechinus chloroticus,1.1
Exopalaemon modestus,1.8
Filopaludina bengalensis,4.81
Flexopecten glaber,7.64
Flexopecten glaber,0.1093
Flexopecten glaber,0.9561
Fulvia mutica,11.2
Fulvia mutica,3.7
Fulvia mutica,2.9
Fulvia mutica,83.1
Fusinus perplexus,7.2
Fusitriton oregonensis,2.3
Gonatus fabricii,1.2
Gonatus fabricii,1.506666667
Gonatus fabricii,0.5
Gonatus fabricii,0.7
Gonatus fabricii,1.4
Gonatus fabricii,1.08
Gonatus fabricii,1
Gonatus fabricii,1.3
Gonatus fabricii,0.95
Gonatus fabricii,0.68
Haliotis discus,8
Haliotis discus,4.7
Haliotis discus,56
Haliotis discus,5.4
Haliotis discus,14.6
Haliotis discus,107.8
Haliotis discus,2.4
Haliotis discus,3.8
Haliotis discus,3.6
Haliotis discus,2
"Haliotis discus discus, haliotis madaka, haliotis gigantea",1.8
"Haliotis discus discus, haliotis madaka, haliotis gigantea",33.9
"Haliotis discus discus, haliotis madaka, haliotis gigantea",2
"Haliotis discus discus, haliotis madaka, haliotis gigantea",1.5
Haliotis diversicolor aquatilis,1.8
Haliotis gigantea,2
Harpiosquilla raphidea,0.88
Harpiosquilla raphidea,1
Helice tridens tridens,4.8
Hemicentrotus pulcherrimus,2.3
"Hemicentrotus pulcherrimus, anthocidaris crassispina*",1.8
"Hemicentrotus pulcherrimus, anthocidaris crassispina*",0.9
"Hemicentrotus pulcherrimus, anthocidaris crassispina*",1.1
Hemifusus ternatanus,3.5
Heterocarpus gibbosus,2.251
Heterocarpus gibbosus,2.07
Heterocarpus reedi,2.1
Hexaplex trunculus,8.1
Hexaplex trunculus,17.8
Holothuria arenicola,60.354
Holothuria fuscogilva,13
Holothuria fuscopunctata,19
Holothuria mexicana,10
Holothuria scabra,25
Homarus americanus,0.2
Homarus americanus,0
Homarus americanus,0.3
Homarus americanus,15.8
Homarus americanus,0.39
Homarus americanus,0.4
Homarus americanus,0.8
Homarus americanus,0.7
Homarus americanus,0.5
Homarus americanus,0.29
Homarus americanus,0.26
Homarus gammarus,0.2
Homarus gammarus,1
Hymenopenaeus mulleri,4.6
Hymenopenaeus mulleri,2.2
Hymenopenaeus mulleri,0.5
Hymenopenaeus mulleri,1.6
Hymenopenaeus mulleri,20.5
Hymenopenaeus mulleri,2.41
Hymenopenaeus mulleri,5.1
Hymenopenaeus mulleri,21.3
Hymenopenaeus mulleri,5.5
Hymenopenaeus mulleri,0.6
Ibacus ciliatus,1.3
Idiopoma dissimilis,4.03
Illex coindeti,12.3876
Jasus edwardsii,0.3
Jasus edwardsii,0.4
"Jasus spp., panulirus spp.",1.41
"Jasus spp., panulirus spp.",1.22
Katharina tunicata,16
Kelletia lischkei,2.5
Kelletia lischkei,1
Koreoleptoxis globus ovalis,6.4
Koreoleptoxis nodifila,11.2
Lamella lamellifrons,42.322
Lamella lamellifrons,44.873
Lamella lamellifrons,48.703
Lanistes libycus,1.76
Lanistes libycus,1.98
Limaria tuberculata,4.58
Linuparus trigonus,1
Lissachatina fulica,1.57
Lissachatina fulica,2.19
Lissachatina fulica,0.232
Lissachatina fulica,1.83
Litopenaeus vannamei,1.2
Litopenaeus vannamei,1
Litopenaeus vannamei,0.9
Litopenaeus vannamei,454
Littorina littorea,1.5
Littorina littorea,3.5
Littorina littorea,1.51
Littorina littorea,0.528
Loligo beka,1
Loligo beka,0.5
Loligo beka,4.4
Loligo beka,5.6
Loligo bleekeri,0.1
Loligo duvauceli,0.26
Loligo duvaucelli,2.65
Loligo edulis,0.1
Loligo edulis,0.9
Loligo formosana,2.1
Loligo vulgaris,1.6
Loligo vulgaris,0.3
Loligo vulgaris,0.5
Loligo vulgaris,0.6
Loligo vulgaris,0.4
Loligo vulgaris,10.7
Loligo vulgaris,10.7289
Loligo vulgaris,1
Loligo vulgaris,0.1
Loligo vulgaris,2.8
"Loligoidae, ommastrephidae",0.68
"Loligoidae, ommastrephidae",1.01
Macrobrachium amazonicum,0.0065
Macrobrachium amazonicum,3.13
Macrobrachium amazonicum,6.68
Macrobrachium amazonicum,4.17
Macrobrachium amazonicum,0.0243
Macrobrachium amazonicum,2.27
Macrobrachium amazonicum,2.09
Macrobrachium birmanicum,0.6
Macrobrachium macrobrachion,11.478
Macrobrachium malcolmsonii,8.24
Macrobrachium malcolmsonii,0.5
Macrobrachium malcolmsonii,13
Macrobrachium malcolmsonii,1.2
Macrobrachium malcolmsonii,1.5
Macrobrachium malcolmsonii,1.3
Macrobrachium nipponense,1.8
Macrobrachium rosenbergii,0.5
Macrobrachium rosenbergii,0.7
Macrobrachium rosenbergii,0.6
Macrobrachium rosenbergii,0.78
Macrobrachium rude,0.5
Macrophthalmus depressus,2.3
Mactra chinensis,11
Mactra chinensis,12
Mactra chinensis,0.03996
Mactra chinensis,0.03572
Mactra chinensis,1.1
Mactra chinensis,0.05045
Mactra veneriformis,22.7
Maja brachydactyla,14.2
Maja brachydactyla,2.97
Maja brachydactyla,1.07
Maja brachydactyla,17.1
Marsupenaeus japonicus,1
Marsupenaeus japonicus,1.4
Marsupenaeus japonicus,1.1
Marsupenaeus japonicus,0.7
Megangulus venulosus,5.8
Meganyctiphanes norvegica,2.15
Melicertus latisulcatus,0.03
Melicertus latisulcatus,0.16
"Melongenidae, buccinidae",6.2
Menippe mercenaria,1.1
Mercenaria mercenaria,2.8
Mercenaria mercenaria,2.46
Mercenaria mercenaria,6.77
Meretrix lamarckii,5.1
Meretrix lusoria,3.3
Meretrix lusoria,3.9
Meretrix lusoria,5.8
Meretrix lusoria,2.1
Meretrix lusoria,8.257
Meretrix lusoria,27.613
Meretrix lusoria,7.2
Meretrix lusoria,3.775
Meretrix lusoria,11.9
Meretrix meretrix,7.852
Meretrix meretrix,0.94
Meretrix petechialis,2.4
Mesodesma donacium,12.5
Mesodesma donacium,2
Metanephrops thomsoni,7.4
Metapenaeus affinis,0.93
Metapenaeus affinis,0.137
Metapenaeus affinis,0.087
Metapenaeus endeavouri,0.2
Metapenaeus joyneri,1
Metapenaeus macleayi,2.77
Metapenaeus macleayi,2.7
Metapenaeus macleayi,2.8
Metapenaeus macleayi,3.3
Metapenaeus monoceros,0.6
Metapenaeus monoceros,2.7
Metapenaeus monoceros,1.7
Metapenaeus monoceros,1.8
Metapenaeus monoceros,2.1
Metapenaeus monoceros,1.63
Metapenaeus monoceros,1.81
Metapenaeus monoceros,1.41
Metapenaeus monoceros,1.55
Metapenaeus monoceros,1.66
Mimachlamys varia,5.18
Mizuhopecten yessoensis,2.8
Mizuhopecten yessoensis,0.7
Mizuhopecten yessoensis,0.3
Mizuhopecten yessoensis,0.2
Mizuhopecten yessoensis,2.2
Mizuhopecten yessoensis,1.2
Modiolus barbatus,6.52
Murex trapa,3.06
Mya arenaria,40.5
Mya arenaria,6.41
Mya arenaria,4.1
Mya arenaria,3.4
Mytilus chilensis,6.31
Mytilus coruscus,9.8
Mytilus coruscus,6.65
Mytilus coruscus,11.63
Mytilus coruscus,2.3
Mytilus coruscus,5.86
Mytilus coruscus,15
Mytilus coruscus,35
Mytilus coruscus,2.9
Mytilus coruscus,3.6
Mytilus coruscus,13.1
Mytilus coruscus,9.4
Mytilus coruscus,10
Mytilus coruscus,6
Mytilus coruscus,17.3
Mytilus coruscus,3.8
Mytilus coruscus,6.1
"Mytilus coruscus, mytilus galloprovincialis",3.5
Mytilus edulis,35
Mytilus edulis,15
Mytilus edulis,6.6
Mytilus edulis,6.7
Mytilus edulis,5.7
Mytilus edulis,5.1
Mytilus edulis,6.72
Mytilus edulis,7.7
Mytilus edulis,4.4
Mytilus edulis,8.44
Mytilus edulis,7.3
Mytilus edulis,7
Mytilus edulis,7.4
Mytilus edulis,3.95
Mytilus edulis,7.1
Mytilus edulis,4.2
Mytilus edulis,6.8
Mytilus edulis,28.6
Mytilus edulis,10.8
Mytilus edulis,24.8
Mytilus galloprovincialis,35.1
Mytilus galloprovincialis,33.8
Mytilus galloprovincialis,8.6
Mytilus galloprovincialis,13.8
Mytilus galloprovincialis,60.3
Mytilus galloprovincialis,12.8
Mytilus galloprovincialis,15.6
Mytilus galloprovincialis,38.3
Mytilus galloprovincialis,14.7
Mytilus galloprovincialis,44.7
Mytilus galloprovincialis,6.7
Mytilus galloprovincialis,6.3
Mytilus galloprovincialis,2.97
Mytilus galloprovincialis,2.5
Mytilus galloprovincialis,4
Mytilus galloprovincialis,23.3
Mytilus galloprovincialis,1
Mytilus galloprovincialis,43.6
Mytilus galloprovincialis,2.1
Mytilus galloprovincialis,3.2
Mytilus galloprovincialis,4.2
Mytilus galloprovincialis,2.9
Mytilus galloprovincialis,5.4
Mytilus galloprovincialis,10.7
Mytilus galloprovincialis,4.3
Mytilus galloprovinvialis,10.9
Mytilus platensis,5.8
Mytilus platensis spp.,5.8
"Neomysis japonica, acetes japonicus",7.1
"Neomysis japonica, acetes japonicus",0.5
Nephrops norvegicus,2.2
Nephrops norvegicus,2
Nephrops norvegicus,5.2075
Nephrops norvegicus,4.8
Nephrops norvegicus,1.99
Nephrops norvegicus,2.66
Nephrops norvegicus,2.5
Neptunea arthritica,2.3
Neptunea cumingi,1.6
Neptunea intersculpta,1.8
"Neptunea polycostata, neptunea arthritica, buccinum middendorffi",1.3
Neverita didyma,2.6
Nodipecten nodosus,4.4
Nodipecten nodosus,4
Notarchus punctatus armatus,2.2
Nototodarus sloanii,6.442
Nototodarus sloanii,2.553
Nototodarus sloanii,1.498
Nototodarus sloanii,2.089
Nototodarus sloanii,4.254
Nototodarus sloanii,7.411
Nototodarus sloanii,16.91
Nototodarus sloanii,2.095
Nototodarus sloanii,32.782
Ochetostoma erythrogrammon,5.5
Octopus bimaculatus,2.5
Octopus cyanea,14.2
Octopus dofleini,0.7
Octopus membranaceus,1.4
Octopus minor,0.5
Octopus vulgaris,3.8
Octopus vulgaris,0.2
Octopus vulgaris,3.3
Octopus vulgaris,0.5
Octopus vulgaris,7.4364
Octopus vulgaris,5.01
Octopus vulgaris,0.6
Octopus vulgaris,2.4
Octopus vulgaris,1.08
Octopus vulgaris,4.7
Octopus vulgaris,2.75
Octopus vulgaris,5.2
Octopus vulgaris,3.7
Octopus vulgaris,5.89
Octopus vulgaris,9.54
Octopus vulgaris,7.3
Octopus vulgaris,5.3
Octopus vulgaris,5.8
Ommastrephes bartramii,0.1
Ommastrephes sagittatus,3.63
Oratosquilla oratoria,0.8
Oratosquilla oratoria,1.2
Oratosquilla oratoria,3
Ostrea chilensis,9.4
Ostrea edulis,11.24
Ostrea edulis,1.7316
Ostrea edulis,4.0374
Ostrea edulis,1.349
Ostrea edulis,7.3
Ostrea edulis,2.1565
Ostrea edulis,3.9096
Ostrea edulis,5.2411
Ostrea edulis,5.7
Ostrea edulis,5.8
Ostrea edulis,2.1842
Ostrea lurida,10.3
Pachymelania aurita,12.6
Pachymelania aurita,15.26
Palaemon longirostris,0.0956
Palaemon serratus,6.31
Palaemonidae/penaeidae spp.,5.5
Palaemonidae/penaeidae spp.,25.3
Palinurus vulgaris,0.6
Palinurus vulgaris,0.932
Pandalus borealis,0.2
Pandalus borealis,0.3
Pandalus borealis,0.63
Pandalus borealis,1.166666667
Pandalus eous,0.1
Pandalus jordani,0.32
Pandalus jordani,0.37
Panulirus japonicus,2
Panulirus japonicus,0.1
Panulirus marginatus,10.6
Paphies australis,6
Paralithodes camtschatica,0.59
Paralithodes camtschatica,0.39
Paralithodes camtschatica,0.76
Paralithodes camtschaticus,0.6
Paralithodes camtschaticus,0.2
Paralithodes camtschaticus,0.7
Paralithodes camtschaticus,0.3
Paralithodes camtschaticus,0.5
Paralithodes camtschaticus,2.1
Paralithodes camtschaticus,2.6
Parapenaeus longirostris,7.7
Parapenaeus longirostris,5.6
Parapenaeus longirostris,8.2588
Parastichopus californicus,2.46
Parastichopus californicus,0.6
Parastichopus californicus,18.42
Parastichopus regalis,36.9
Paroctopus dofleini,1
Paroctopus dofleini,3
Paroctopus dofleini,0.2
Patinopecten yessoensis,1
Patinopecten yessoensis,2.1
Patinopecten yessoensis,1.1
Pecten albicans,2
Pecten maximus,1.3
Pecten maximus,1.1
Pecten maximus,0.7
Pecten novaezelandiae,0.8
Pecten novaezelandiae,1.3
Pecten novaezelandiae,0.3
Pecten novaezelandiae,2
Pecten novaezelandiae,2.5
"Penaeidae, pandalidae",1.26
"Penaeidae, pandalidae",2.13
"Penaeidae, pandalidae",0.21
"Penaeidae, pandalidae",0.52
"Penaeidae, pandalidae",0.51
"Penaeidae, pandalidae",0.32
Penaeus chinensis,0.1
Penaeus chinensis,4.6
Penaeus chinensis,1.4
Penaeus esculentus,0.3
Penaeus esculentus,0.27
Penaeus indicus,0.211
Penaeus indicus,5.3
Penaeus indicus,0.5
Penaeus indicus,10.81
Penaeus kerathurus,0.683
Penaeus kerathurus,1.63
Penaeus merguiensis,1.6
Penaeus merguiensis,0.14
Penaeus merguiensis,0.2
Penaeus merguiensis,0.1
Penaeus merguiensis,0.21
Penaeus monodon,16.41
Penaeus monodon,3.1
Penaeus monodon,3
Penaeus monodon,0.39
Penaeus monodon,2.6
Penaeus monodon,0.2
Penaeus monodon,2.2
Penaeus monodon,0.6
Penaeus monodon,2.1
Penaeus monodon,0.9
Penaeus monodon,0.01011
Penaeus monodon,3.07
Penaeus monodon,1.28
Penaeus monodon,3.7
Penaeus notialis,0.181
Penaeus penicillatus,0.01024
Penaeus semisulcatus,0.4
Penaeus semisulcatus,1.5
Penaeus semisulcatus,1.46
Penaeus semisulcatus,0.9
Penaeus semisulcatus,1.4
Penaeus semisulcatus,1.8
Penaeus semisulcatus,1.51
Penaeus semisulcatus,1.58
Penaeus semisulcatus,1.36
"Penaeus spp., Metapenaeus spp. and Parapenaeopsis spp.",0.6
Penaeus vannamei,0.5
Penaeus vannamei,1.4
Penaeus vannamei,1.22
Periphylla periphylla,0.04
Perna canaliculus,6.9
Perna canaliculus,4.3
Perna canaliculus,5.3
Perna canaliculus,5.8
Perna canaliculus,3.3
Perna canaliculus,6
Perna perna,18
Perna perna,19.7
Perna perna,53.2
Perna perna,19.3
Perna perna,18.3
Perna perna,47.7
Perna viridis,1.01
Perna viridis,13.3
Perna viridis,10.3
Perna viridis,6.3
Perna viridis,16.6
Perumytilus purpuratus,8.95
Pholas dactylus,12.109
Pila globosa,6.86
Pinctada fucata martensii,2.6
Pinctada radiata,0.28227
Pinctada radiata,2.84
"Pisidium clarkeanum, lamellidens marginalis",1.3
Plesionika spinipes,5.006
Plesionika spinipes,2.826
Pleuroploca trapezium,0.025
Podophthalmus vigil,7.45
Podophthalmus vigil,13.32
Polinices aemingiana,2.3
Pomacea bridgesii,1.94
Pomacea bridgesii,1.96
Pomacea canaliculata,48
Pomacea canaliculata,2.13
Pomacea canaliculata,2.35
Pomacea canaliculata,2.86
Portunus pelagicus,1.8
Portunus pelagicus,0.6
Portunus pelagicus,0.4
Portunus pelagicus,0.3
Portunus pelagicus,2.72
Portunus pelagicus,0.35
Portunus pelagicus,2.5
Portunus pelagicus,3.8
Portunus pelagicus,0.178
Portunus pelagicus,2.8
Portunus pelagicus,0.9
Portunus pelagicus,1.93
Portunus pelagius,5.5
Portunus sanguinolentus,0.98
Portunus sanguinolentus,4.44
Portunus trituberculatus,3
Portunus trituberculatus,0.3
Portunus trituberculatus,0.5
Potamon potamios,4
Potamon potamios,3
Potamon potamios,5
Potamon potamios,6
Potamon potamios,2
Potamon potamios,7
Potamon potamios,14
Potamon potamios,3.1
Procambarus clarkii,8.9
Procambarus clarkii,11.7
Procambarus clarkii,19.9
Procambarus clarkii,18.1
Protothaca jedoensis,14.4
Protothaca thaca,5.2
Pseudocardium sachalinensis,5.4
Pseudopusula sanguinea,1.4
Puerulus sewelli,1.809
Ranina ranina,5.4
Ranina ranina,3.4
Ranina ranina,0.8
Rapana venosa,4.6647
Rapana venosa,3.3
Reishia clavigera,3.9
"Rhopilema esculenta, nemopilema nomurai*",2.27
"Rhopilema esculenta, nemopilema nomurai*",0.3
Ruditapes philippinarum,18.8
Ruditapes philippinarum,27.8
Ruditapes philippinarum,16
Ruditapes philippinarum,50
Ruditapes philippinarum,16.9
Ruditapes philippinarum,3.8
Ruditapes philippinarum,13.3
Ruditapes philippinarum,3.7
Ruditapes philippinarum,29.7
Saccostrea glomerata,3.47
Saxidomus purpuratus,6
Scapharca broughtonii,7.4
Scapharca broughtonii,8
Scapharca broughtonii,3.7
Scapharca subcrenata,8.7
Scapharca subcrenata,9
Scylla serrata,1.735
Scylla serrata,2
Scylla serrata,1.7
Scylla serrata,1.6
Scylla serrata,1.8
Scylla serrata,10.2
Scylla tranquebarica,0.87
Scyllarides latus,1.41285
Semisulcospira amurensis,3.3
Semisulcospira coreana,2.4
Semisulcospira forticosta,1.7
Semisulcospira forticosta,8.2
Semisulcospira libertina,1.1
Sepia esculenta,0.1
Sepia esculenta,0.4
Sepia esculenta,4
Sepia esculenta,0.9
Sepia officinalis,2.5
Sepia officinalis,4.9
Sepia officinalis,3.5
Sepia officinalis,4
Sepia officinalis,0.25207
Sepia officinalis,7.2805
Sepia officinalis,1.8
Sepia pharaonis,0.62
Sepiella inermis,2.99
Sepiella inermis,0.221
Sepiella japonica,0.5
"Sepiolida, teuthida",0.68
"Sepiolida, teuthida",0.787
"Sepiolida, teuthida",2
"Sepiolida, teuthida",2.39
"Sepiolida, teuthida",1.35
Sergia lucens,3.2
Sergia lucens,0.5
Sergia lucens,3
Sinonovacula constricta,4.1
Siphonalia fusoides,7.2
Siphonalia spadicea fuscolineata,5
Solen gordonis,12.5
Solen marginatus,9.57
Solen strictus,5.5
Solenocera crassicornis,0.73
Spiralothelphusa hydrodroma,8e-5
Spiralothelphusa hydrodroma,1.4e-5
Spisula sachalinensis,4.4
Stichopus chloronotus,8
Stichopus herrmanni,9.4
Stichopus horrens,521.781
Stichopus japonicus,10
Stichopus japonicus,53
Stichopus japonicus,5.5
Stichopus japonicus,4.3
Stichopus japonicus,2.1
Stichopus japonicus,1.2
Strombus galeatus,3
Strombus galeatus,5.9
Strombus galeatus,4.8
Strombus gracilior,5.9
Strombus gracilior,0.0085033
Strombus gracilior,3
Strombus gracilior,4.8
Strombus gracilior,0.012327
Strombus gracilior,0.008352
Strombus gracilior,0.0142584
Strongylocentrotus droebachiensis,12.45
Strongylocentrotus droebachiensis,10.18
Sudanonautes africanus,15
Sudanonautes africanus,5.64
Sudanonautes africanus,8.35
Sudanonautes africanus,11.4
Sudanonautes africanus,7.12
Sudanonautes africanus,9.76
Tagelus dombeii,4.8
Taliepus dentatus,2.03
Taliepus dentatus,1.32
Tegillarca granosa,6.8
Tegula rustica,3.1
Tegula rustica,2.9
Tegula rustica,1.4
Tegula rustica,12.9
Telescopium telescopium,16.3
Telescopium telescopium,5.03
Terebralia sulcata,12
Teuthoidea spp.,1.3
Teuthoidea spp.,1.62
Thais bronni,2.1
Thalassina anomala,2.3
Thelenota ananas,21
Thelenota anax,20
Thenus orientalis,0.77
Thenus orientalis,0.35
Tivela mactroides,50.1
Todarodes pacificus,0.1
Todarodes pacificus,0.2
Todarodes pacificus,1.6
Todarodes sagittatus,6
Tonna luteostoma,3.7
Trachysalambria curvirostris,20
Trachysalambria curvirostris,0.3
Trachysalambria curvirostris,8
Trachysalambria curvirostris,15.6
Trachysalambria curvirostris,6
Trachysalambria curvirostris,15.1
Trachysalambria curvirostris,1.3
Tresus keenae,6.3
Tresus keenae,3.3
Tridacna maxima,2.3
Tripneustes gratilla,0.9
Turbo cornutus,8.2
Turbo cornutus,0.8
Turbo cornutus,7.6
Turbo cornutus,0.9
Turbo militaris,1.932
Tympanotonos fuscatus,12.6
Tympanotonos fuscatus,10.45
Tympanotonos fuscatus,15.2
Tympanotonos fuscatus,15.05
Tympanotonos fuscatus,0.198
Ucides cordatus,10.26
Ucides cordatus,10.3
Ucides cordatus,6.9
Ucides cordatus,15.75
Ucides cordatus,11.48
Ucides cordatus,22.34
Umbonium costatum,25.4
Uroteuthis chinensis,0.4
Uroteuthis duvauceli,0.39
Uroteuthis duvaucelii,0.042
"Veneroida, myoida,, ostreoida",6.12
"Veneroida, myoida,, ostreoida",6.9
"Veneroida, myoida,, ostreoida",2.5
"Veneroida, myoida,, ostreoida",7.7
"Veneroida, myoida,, ostreoida",3.4
"Veneroida, myoida,, ostreoida",14
"Veneroida, myoida,, ostreoida",28
Volutharpa ampullacea perryi,2.1
Watasenia scintillans,10
Watasenia scintillans,0.8
Watasenia scintillans,2.7
Watasenia scintillans,1.1
