Is_Old,Septin1,Septin2,Septin6,Septin7,Septin9,Septin11
0,3.13480258411634e-07,1.92824906932913e-07,5.98225647723666e-07,3.61607408940478e-07,1.18524335086644e-06,1.89715177410581e-06
0,2.04246758801682e-06,7.49057546468411e-07,6.96739647056932e-07,5.82548130892158e-07,8.57039469550046e-07,1.54799885425113e-06
0,3.24893773096601e-07,2.43519547452274e-07,3.71458956980063e-07,3.66027151103267e-07,3.42707171017018e-06,4.23478719254552e-06
0,5.45706575230938e-07,3.81074658161439e-07,3.83733824513410e-07,2.18952718854014e-07,2.18734185198586e-07,1.06803885835778e-07
0,3.02080098938199e-07,2.51983795823388e-07,5.18353775177802e-07,3.11767320948345e-07,1.44115578712680e-06,1.40992989202639e-06
0,4.78685073832071e-07,2.84139685542378e-07,7.92335212955008e-07,4.43691239147870e-07,2.87781489534945e-07,4.13874320113367e-07
0,4.25299265008997e-07,1.41591173528763e-07,4.52517318884819e-07,1.74568016759898e-07,2.06277275555468e-06,2.13156169491215e-06
0,7.53468797494543e-07,3.96091190786302e-07,2.17478313583286e-07,4.43543750401385e-07,2.19655841592118e-06,3.41744815513782e-06
0,8.85804271563574e-07,1.05129433946258e-06,1.37660297910356e-06,1.31943437907085e-06,5.42646497886723e-06,6.17101068484070e-06
0,7.91800151913253e-07,5.85515817669913e-07,3.73346859600449e-07,2.97499323668034e-07,4.82985670804651e-07,3.30758788137245e-07
0,3.49294868352571e-07,2.49408343138969e-07,2.77510781808727e-07,3.04395846036571e-07,1.79128909228553e-06,2.96658918646927e-06
0,4.07790855967878e-07,1.94551141176471e-07,3.53888896276304e-07,5.72386164987820e-08,1.94017536085201e-06,2.61642317196198e-06
0,6.74595384565113e-07,3.91909676844542e-07,5.14602813040294e-07,2.03600598075130e-07,3.02943990504556e-07,2.54745685814835e-07
0,9.25211002877437e-07,3.68097646417582e-07,4.82226856124694e-07,4.32052057705800e-07,7.88404535710603e-07,7.07433131830501e-07
0,4.74419877774262e-07,2.91935584211048e-07,8.42385244082637e-07,3.48578282850193e-07,5.99757536753187e-06,7.02378315447747e-06
0,5.57306340676319e-07,3.06205633072523e-07,2.94903639232138e-07,3.18798703444807e-07,1.17157729227414e-06,2.11584336452895e-06
0,8.28249513803261e-07,2.45581681292959e-07,8.04384231041424e-07,2.49872279608818e-07,1.05250383335161e-06,6.25376194163242e-07
0,2.93681566961217e-07,1.89134618045427e-07,2.33013388734580e-07,2.64950232443622e-07,1.44700834667556e-07,3.88248188091534e-07
0,4.28096649742507e-07,3.11082520735245e-07,4.09518775860814e-07,3.79197901469310e-07,2.31789405667250e-06,3.55563993504374e-06
0,6.35904972554169e-07,4.96572696028127e-07,8.89340797924820e-07,5.43158843267584e-07,4.71671934906384e-07,7.13507407248318e-07
0,5.63714513269434e-07,1.79033564821426e-07,3.54784932578279e-07,1.81836643321797e-07,3.13093858649182e-07,4.65203189596239e-07
0,5.63984710518213e-07,5.40241190836811e-07,6.74730613543483e-07,4.15738139445066e-07,6.32636343440507e-07,6.16268065806975e-07
0,9.82568890950107e-07,3.12309849959890e-07,1.63482023837896e-07,1.95718010538917e-07,3.17011652401398e-07,8.43218213949727e-07
0,5.62324406291501e-07,3.85927430498362e-07,2.59744817088447e-07,2.26243853433461e-07,2.17153102598140e-06,7.19446550651600e-07
0,4.88075223361531e-07,2.95420423862400e-07,5.40772969231462e-07,1.93970517682095e-07,2.29112127859827e-07,2.46281219452233e-07
0,3.82792412965968e-07,3.82709063307535e-07,4.63222216977299e-07,4.34848251950592e-07,5.03429824530299e-07,5.09001757556669e-07
0,6.61544996300667e-07,3.42973981747109e-07,2.97152420591162e-07,2.51362514814480e-07,3.87229856463936e-07,3.28687212002809e-07
0,9.10327336630866e-07,5.69618463753365e-07,9.33783868298447e-07,6.24040982090922e-07,5.15912647842519e-07,3.88454280336550e-07
0,6.68384781547831e-07,2.11036350059669e-07,1.04138647415889e-07,1.83468648549128e-07,2.08661952458847e-06,2.62637740946226e-06
0,4.57273588273777e-07,3.75459759906345e-07,1.57525855285532e-07,1.88634567698540e-07,2.69063297068166e-07,6.22666083235803e-07
0,8.62396637407720e-07,4.29631826968953e-07,1.70646450912313e-07,1.24810203497847e-07,7.96717115966782e-07,7.68498716040133e-07
0,5.48214577205480e-07,1.86025395765494e-07,5.12136765569869e-07,2.16198904533394e-07,4.51383639412868e-07,4.95521030360481e-07
0,2.77583444614114e-07,9.43260585716281e-07,8.75163744614512e-07,6.18104232004776e-07,6.86501342276933e-07,8.84976384653662e-07
0,5.42778779894539e-07,3.17283287350355e-07,4.17283871423887e-07,3.30822257307995e-07,2.09409553044874e-07,4.27736089333095e-07
0,5.34754759964417e-07,1.74023358384528e-07,5.52154559398469e-07,4.27903960985438e-07,9.38815169106541e-07,1.12319086551785e-06
0,3.23520479998775e-07,1.39840334948480e-07,3.87487720188811e-07,3.92205548812923e-07,6.77873837089603e-07,1.02884145737010e-07
0,4.46451666041529e-07,3.88370930930670e-07,9.19905311431861e-07,3.40911713893749e-07,7.03522783143058e-07,6.67923127149792e-07
0,4.63273405742962e-07,2.77548679549370e-07,5.02600561456405e-07,3.21641725905467e-07,1.66792166555570e-06,1.93604329034647e-06
0,3.59949293626557e-07,2.88031676954132e-07,7.63288651010087e-07,5.63962684528109e-07,6.07547155695951e-07,5.30801793789294e-07
0,3.80679099724864e-07,2.08313096351314e-07,2.90560121356625e-07,3.37386572851275e-07,2.20465929176701e-07,3.26176440584817e-07
0,5.15250852284517e-07,3.10026879440942e-07,2.97483061957928e-07,3.15943901466380e-07,1.16008223786838e-06,1.46859445772383e-06
0,5.93452041884768e-07,2.79632411391686e-07,9.96277340835504e-07,6.07441281766642e-07,8.16625266319329e-07,9.59569620893235e-07
0,5.90725452514112e-07,3.40456714408253e-07,4.62279810012922e-07,3.44306187359905e-07,5.26964270017431e-07,4.49269827079098e-07
0,5.37702541001457e-07,2.24254605263533e-07,5.58720872713853e-07,2.32211691817592e-07,1.59063861889326e-06,5.64620858281680e-07
0,1.02856123302283e-06,5.60850969115099e-07,5.20120062439389e-07,3.79645282740717e-07,2.11005792906369e-07,5.88978942521636e-07
0,3.70537550887459e-07,3.57860691240520e-07,5.40357066249201e-07,3.63819628457145e-07,4.09433055452943e-07,4.15793944949954e-07
0,5.07288282127985e-07,2.10745110269900e-07,3.28120304901085e-07,3.26401597233897e-07,4.73243678877395e-07,3.82748104308044e-07
0,7.99251471382009e-07,4.59057117650998e-07,7.13283976218834e-07,4.79286316238783e-07,4.80128252366191e-07,5.78292496967153e-07
0,2.41173445329855e-07,2.38339488938621e-07,7.13872638440231e-07,6.97982061204523e-07,1.12142939083215e-06,8.20535470250668e-07
0,5.24522766573459e-07,4.31630931222934e-07,5.66527146319000e-07,3.79478721451864e-07,4.31966263954590e-07,3.59482487831528e-07
0,5.80185842065886e-07,2.88522183216391e-07,2.95770780836787e-07,3.73559553436007e-07,4.93201543784343e-07,3.53731699908095e-07
0,4.62253264867938e-07,4.34772582228630e-07,6.40202825196905e-07,4.06554560391862e-07,6.20972779071886e-07,4.48990491805668e-07
0,8.89717394321326e-07,4.53451642187698e-07,2.39287395720797e-07,1.73144279235461e-07,6.22573687042148e-07,5.65644556281285e-07
0,6.58251779525948e-07,3.54898347258185e-07,7.80421627570308e-07,4.68053113238937e-07,1.42319942309821e-06,8.47661360522688e-07
0,3.13184890980686e-07,1.68516721187733e-07,1.41757149383387e-07,2.51603256458046e-07,4.69315142469726e-07,2.69867637393926e-07
0,4.65230450315650e-07,4.55863563511398e-07,5.78448179673383e-07,4.11075378262187e-07,5.98156396917697e-07,5.16371877777133e-07
0,4.92178539301172e-07,3.37069388448793e-07,9.27283591252243e-07,4.98048786318401e-07,8.52754935775134e-07,7.42540681371729e-07
0,4.59596637881798e-07,7.55061720787743e-07,9.09705214936126e-07,6.45621837572031e-07,9.77846332507304e-07,8.64502916630240e-07
0,5.87192235455171e-07,4.08213120939616e-07,5.93418969068851e-07,4.00193526490258e-07,3.66982918161419e-07,7.17808352884039e-07
0,4.56660828972178e-07,5.25392051306217e-07,1.49770203299523e-06,9.84009655013772e-07,6.43376709792183e-07,8.63997271842775e-07
0,3.18913084063077e-07,4.85333506243369e-07,1.06990168479561e-06,3.36611851935199e-07,5.96299137605993e-07,1.20743228303268e-06
0,3.32773747960438e-07,4.46178482709313e-07,9.16078110850320e-07,6.87120835132700e-07,6.14406236324121e-07,4.68653136440319e-07
0,4.06590779257354e-07,4.17582256411742e-07,6.27104012171258e-07,4.55895839705275e-07,9.37245263007679e-07,8.06766281243156e-07
0,5.53210054783499e-07,6.71580075321331e-07,1.09302949870313e-06,6.31749971190883e-07,6.13333524679009e-07,1.20815457985824e-06
0,4.34836318802175e-07,2.46459667194080e-07,2.78964574973579e-07,2.69340608852141e-07,4.32205345787819e-07,6.70361880348289e-07
0,4.10334805030787e-07,3.20657761596166e-07,5.90969324615024e-07,4.28663151996751e-07,8.84238617516556e-07,6.95269249889175e-07
0,6.31385803364600e-07,4.46068609826108e-07,4.61216870222265e-07,4.81611964583787e-07,6.36052775909652e-07,4.89340182489914e-07
0,2.94376997881824e-07,4.37147792995724e-07,4.35660310154020e-07,4.99010320837576e-07,4.10345766693897e-07,5.71912266238786e-07
0,6.38652133239935e-07,4.84022968116283e-07,6.53705990921506e-07,4.05468363636818e-07,6.18564934195511e-07,6.47780357582428e-07
0,5.61316375776122e-07,3.87994648255092e-07,6.88600844680285e-07,4.00236980113301e-07,6.83481870851309e-07,1.34090353734472e-06
0,2.99087065212815e-07,3.67338799450583e-07,4.36069406961265e-07,4.69890784665339e-07,8.38286028415483e-07,8.40408624680380e-07
0,2.71334611444698e-07,3.26499051212038e-07,8.18115243971135e-07,5.72719720129183e-07,6.26502707597015e-07,7.45616139496984e-07
0,9.06214864277598e-07,8.11360516141249e-07,1.49458210986802e-06,2.40962348912103e-06,2.14211036956157e-06,1.75070054214449e-06
0,4.90029087117667e-07,4.85328076273830e-07,6.40761065777094e-07,7.92774351273076e-07,9.83568563105350e-07,5.42423374415948e-07
0,3.63803767659037e-07,4.14895003957510e-07,7.39890267609103e-07,6.54667693933099e-07,8.09117235676823e-07,8.73703222952672e-07
0,7.12577953032832e-07,6.33463147638645e-07,1.13662978226343e-06,8.98610469310327e-07,1.19527729249775e-06,1.19449965908395e-06
0,6.53233589546643e-07,2.58758789762973e-07,3.22072297164393e-07,2.65404791565811e-07,3.13824554413936e-07,1.90489778048471e-07
0,2.76136077976112e-07,3.68296720798656e-07,1.12688299071845e-06,6.62513216561828e-07,5.09322401932849e-07,1.05784162940413e-06
0,5.14259000565175e-07,5.97860384895538e-07,1.14055151151542e-06,9.59301491874249e-07,1.16359126525256e-06,8.11835034913133e-07
0,6.72655486226041e-07,3.14690181771670e-07,2.70115792837324e-07,2.60736536765201e-07,5.21069115150305e-07,3.79507141597872e-07
0,4.26825051301924e-07,4.65680539390350e-07,1.04163774710972e-06,8.03883871923215e-07,9.47269550238366e-07,9.65321565924954e-07
0,3.97096481687733e-07,3.59014876934535e-07,1.38847787228927e-06,9.55315937390298e-07,8.45258058019074e-07,1.28956912619366e-06
0,4.28966887395108e-07,5.56732635447789e-07,8.30977887487988e-07,3.93030745053222e-07,5.27071988796749e-07,5.92601169656774e-07
0,7.64823199972261e-07,6.37013614583106e-07,1.06470998491834e-06,8.36872429013760e-07,8.65646602620108e-07,9.40179229104024e-07
0,4.37848378821378e-07,7.34900318546102e-07,1.04405020428876e-06,8.77210663127001e-07,1.37309936590614e-06,1.52582350384140e-06
0,4.52382237267593e-07,3.54990794670879e-07,4.19073578962791e-07,4.45045374754926e-07,7.00270626229596e-07,7.78609964850493e-07
0,5.69355866970040e-07,4.17958035028104e-07,5.56437656916619e-07,5.37778239497887e-07,5.82468628283214e-07,5.56802190840789e-07
0,3.60986238857885e-07,3.35153678655114e-07,7.52245285024803e-07,6.68843790994927e-07,9.21786764064651e-07,7.39111866414801e-07
0,4.18456926630965e-07,3.42407561190209e-07,6.08815372281344e-07,5.90660698240261e-07,4.55405309312495e-07,5.07910262623030e-07
0,6.39546969333693e-07,6.58407271210301e-07,8.97601560781939e-07,7.70527360495209e-07,6.67089175792516e-07,7.78545682135228e-07
0,6.44862276165988e-07,3.14175861624042e-07,4.86705922968569e-07,2.45138091853247e-07,5.80627578003506e-07,5.69288953012406e-07
0,5.78096958535716e-07,3.57653694437703e-07,7.48483672928425e-07,5.18783110063023e-07,6.39243614547216e-07,5.87709940459840e-07
0,4.08590308192244e-07,3.40163729221473e-07,3.97113862940481e-07,2.83428459447856e-07,3.51945289766300e-07,5.81261535100457e-07
0,9.21746486620732e-07,5.63385434849474e-07,4.68580031657360e-07,4.27068692136013e-07,5.38229081761375e-07,6.18333834444525e-07
0,5.19047009534087e-07,5.57295264508632e-07,6.91544142729451e-07,6.00123565230976e-07,8.76909097330353e-07,8.93021585100479e-07
0,1.37512852388772e-06,9.60192457488443e-07,6.13972581967901e-07,8.59307771832684e-07,9.31507574026265e-07,4.57860736480169e-07
0,3.58504735167741e-07,4.20925161741004e-07,7.52334437332559e-07,7.42555260288533e-07,8.57248871749004e-07,8.48982195275579e-07
0,4.53963659903444e-07,3.96875328366369e-07,3.88863636536857e-07,5.65175705619341e-07,3.85573123267934e-07,4.72013797660313e-07
0,3.39461967432883e-07,3.88172307308558e-07,6.73652208641542e-07,3.65871960957872e-07,5.31985876515039e-07,6.81842701757267e-07
0,4.72835128124513e-07,4.47638906159168e-07,6.81925861405847e-07,6.11713738840017e-07,5.89524682851556e-07,5.99225631429388e-07
0,5.38633028612520e-07,5.85410012459396e-07,9.28349045979839e-07,7.99257631254867e-07,8.15796819210374e-07,1.05124389084288e-06
0,4.25247669070333e-07,4.56200769471134e-07,6.90157726341088e-07,6.08659258420680e-07,8.75849870909830e-07,8.46306709647461e-07
0,6.16946426553883e-07,6.16324745209570e-07,7.95204714921512e-07,6.28004267732598e-07,5.11210883945598e-07,5.97132457003054e-07
0,4.31690283861160e-07,5.26245500036293e-07,5.69458155902999e-07,5.91172325475884e-07,7.00936530956004e-07,9.51979713384265e-07
0,3.57645274750882e-07,3.89174462456302e-07,7.34230027477697e-07,4.82834672063855e-07,7.42063425885752e-07,6.38313425504233e-07
0,5.58827601513618e-07,4.51004554769913e-07,1.01258974862188e-06,6.27645604390055e-07,5.83308343475224e-07,8.49418428878566e-07
0,4.78597101453290e-07,3.57505327278654e-07,5.33893463409900e-07,4.16906664051885e-07,3.20009109376261e-07,3.59747108655406e-07
0,2.18295010197403e-07,4.67185568434737e-07,1.20750086138641e-06,1.03443876385813e-06,1.23526650986226e-06,1.07933090065800e-06
0,5.13446404812935e-07,5.97471296562611e-07,1.05321170622810e-06,7.73555422347334e-07,1.11585020535523e-06,1.38794434893671e-06
0,3.06579539846149e-07,4.95202030199296e-07,6.68382779921562e-07,6.10181006236153e-07,6.90090304524851e-07,8.23214237430737e-07
0,4.67976727440758e-07,5.65305309236923e-07,8.92248900156624e-07,5.35029706622304e-07,1.25104659062650e-06,1.04877708029320e-06
0,6.35919067961351e-07,6.50399571101429e-07,7.30485242112180e-07,7.94641321149876e-07,8.08908621314852e-07,8.38944784343857e-07
0,7.23605454122841e-07,4.79027590462800e-07,5.71156367387848e-07,4.82523091510294e-07,1.08981575912266e-06,6.67402556436900e-07
0,2.69127660276501e-07,3.09771377499461e-07,4.82259435932102e-07,6.64863476964717e-07,1.28984350262038e-06,8.69620156168563e-07
0,5.54217087415302e-07,3.65651295473677e-07,1.02734856144065e-06,6.02620770790562e-07,1.07698538262523e-06,8.21296521367661e-07
0,1.22157795535428e-06,6.03117021738663e-07,4.18928310645539e-07,6.19933052146185e-07,4.48688483428811e-07,5.72019758628356e-07
0,1.68098578509865e-07,5.45571049940962e-07,6.09269264452895e-07,5.11200982588223e-07,6.40167417429386e-07,8.00360047840881e-07
0,8.38954751107572e-07,4.64569259190230e-07,6.94618765690644e-07,5.41140621629397e-07,4.06573769898569e-07,4.36339528760357e-07
0,4.09396379144465e-07,4.17781249115998e-07,7.38596959061115e-07,4.96608176869309e-07,5.94116580984005e-07,7.67261242824885e-07
0,9.29142111712831e-07,6.99844014938273e-07,8.68353071542304e-07,3.76325901821501e-07,8.57235251264906e-07,5.45670873915820e-07
0,3.40228014725299e-07,2.70405183749485e-07,3.27000324891880e-07,3.76364309503623e-07,4.63060210649073e-07,4.07509438355047e-07
0,4.87442277353189e-07,4.60608045525652e-07,7.92748215389413e-07,4.92609732577207e-07,5.29337481727689e-07,4.61769182834605e-07
0,5.01659247431571e-07,3.01278533373868e-07,3.62421773901258e-07,4.51024951542430e-07,7.40344936831206e-07,3.72019125246705e-07
0,6.21625728483357e-07,2.07866549733305e-07,1.26240669381815e-06,6.50141271657891e-07,9.03979635174240e-07,8.84224878926189e-07
0,3.35413760794347e-07,4.00260892856674e-07,7.63597926076500e-07,5.10681388219406e-07,1.06855630960060e-06,1.57679545759170e-06
0,5.31999051992720e-07,2.80183983616617e-07,3.69836644077687e-07,2.53060909279691e-07,2.65713308205609e-07,2.97421442566077e-07
0,7.50871557119461e-07,6.24193980872430e-07,8.81065481928587e-07,8.71464930251178e-07,7.08885091154356e-07,6.64587164400068e-07
0,4.97561359005736e-07,4.69926518953581e-07,9.17917485255872e-07,6.79931001776449e-07,1.01684653864941e-06,9.83847454606015e-07
0,9.25860412808222e-07,6.21220932947306e-07,1.03420309782603e-06,8.43236037996964e-07,8.43888294264981e-07,6.34103212512603e-07
0,6.24966424718527e-07,2.74968084959531e-07,3.84690477611560e-07,4.62530510129165e-07,4.21857511224603e-07,2.21194918190597e-07
0,3.67506076245306e-07,3.44169038714104e-07,5.52574233481663e-07,5.73992110740765e-07,5.09867488826661e-07,5.11000647655626e-07
0,1.03994395261582e-06,6.05606644308660e-07,1.01720173057097e-06,5.09450315347364e-07,4.65378272921567e-07,6.20101603607374e-07
0,3.63112136610507e-07,1.99796613890829e-07,7.73569284017963e-07,6.18853652446649e-07,7.04391928208194e-07,6.18719155675911e-07
0,3.98803253382600e-07,3.24456745113405e-07,1.12569183997526e-06,4.07273117424127e-07,8.77902195806475e-07,4.58451216028258e-07
0,3.23159726915629e-07,2.46951586000054e-07,5.59523140465280e-07,8.51405952077283e-07,8.20203107200025e-07,6.20121733272703e-07
0,3.41744020582547e-07,4.76899822883570e-07,1.25618650475936e-06,7.43523277674440e-07,1.29041461328220e-06,8.94783944372738e-07
0,7.47262676422240e-07,3.25430138925594e-07,7.29749698152877e-07,5.97612902766738e-07,6.54394728166225e-07,6.38471924794686e-07
0,2.19536751173306e-07,2.22619972262578e-07,1.23880511479014e-06,4.65986547391848e-07,1.41973359305603e-06,1.01558507189472e-06
0,5.29908710693894e-07,4.29122216269720e-07,2.94421992135461e-07,2.91072077488122e-07,9.55991015136104e-07,7.93493424872256e-07
0,5.47361268612239e-07,3.20688513762322e-07,1.02022435419138e-06,5.89294476706977e-07,9.88818126929359e-07,5.42857821313721e-07
0,3.66370500147011e-07,5.13780591790049e-07,2.95001390368773e-07,1.25679915809967e-07,3.14310501692313e-07,7.89923166052384e-07
0,3.44813547437323e-07,4.48522789635077e-07,1.23387779553123e-06,6.74379187302338e-07,9.05943122300763e-07,7.67205761247838e-07
0,3.72725249448283e-07,4.35192093048087e-07,4.61108407588269e-07,5.84767615404495e-07,6.46620165236901e-07,7.58789723657153e-07
0,2.67397034596526e-07,4.77183988988929e-07,1.05066014240588e-06,8.44045418671336e-07,6.24015958753031e-07,7.95793620401811e-07
0,7.44968507989458e-07,5.84021170167596e-07,6.06486489112768e-07,5.28703821512276e-07,6.24713672101139e-07,5.20252815912789e-07
0,5.90464327195326e-07,3.30493601264912e-07,1.27643358056918e-06,8.27596952294736e-07,7.54332396345645e-07,9.61853644588437e-07
0,4.04050584262343e-07,5.44867445400648e-07,1.31529418547136e-06,8.86357360151474e-07,9.97068431416668e-07,8.42502707103383e-07
0,9.03841140812634e-07,3.69728931515587e-07,4.38458410001522e-07,5.67249712838187e-07,6.74153926189033e-07,6.57094236381004e-07
0,4.29274360467331e-07,3.60152676776111e-07,1.06794673693431e-06,8.36166848043283e-07,3.81854993828084e-07,7.97237532409344e-07
0,2.85405171833032e-07,2.24949326491665e-07,1.22018039042708e-06,9.98558183530033e-07,4.32722420656174e-07,2.91692290453428e-07
0,4.03189175063594e-07,3.74009500893173e-07,7.76667881325548e-07,8.42308321935820e-07,7.31214950574155e-07,5.31092490172450e-07
0,2.70668095144586e-07,3.26953127430968e-07,6.68425028318544e-07,4.15701683501995e-07,5.50134792541557e-07,4.39839519484039e-07
0,4.89338796263739e-07,4.11149777125671e-07,6.21429236455505e-07,3.86226153731121e-07,6.69596897927120e-07,6.11766573801142e-07
0,4.71344416909247e-07,1.94471557091512e-07,1.31706149467715e-07,1.83290141713053e-07,4.91847348705361e-07,4.73945263588803e-07
0,4.67302160436808e-07,6.10570971785064e-07,1.30826166597407e-06,1.44323554709231e-06,8.84484992506637e-07,7.96819070140764e-07
0,7.51730517192381e-07,2.55212623970267e-07,5.08718569348747e-07,5.29783501289999e-07,4.86018302718656e-07,5.16164039917117e-07
0,4.97195535415546e-07,4.52690580960584e-07,5.84750255534007e-07,5.76755216627315e-07,3.32610738680616e-07,4.69621044563617e-07
0,3.48623753295979e-07,3.60602851372978e-07,6.81956078129526e-07,7.55455339133666e-07,6.79895981140974e-07,9.30844092521055e-07
0,6.19692143457663e-07,4.08680358988460e-07,1.07078849388826e-06,4.99403506973918e-07,6.81424743557958e-07,8.43470970772164e-07
0,7.55973508463550e-07,3.74283768576802e-07,1.03772581551802e-06,7.21321254081212e-07,5.00907099763221e-07,4.17781642524250e-07
0,5.02320246119640e-07,3.96609641852231e-07,5.92093897802259e-07,2.66949498057618e-07,4.78166633001720e-07,2.59669834618745e-07
0,1.36098427196762e-06,3.17274187491326e-07,5.11389514826620e-07,5.44465312969286e-07,8.76415788991119e-07,7.29270382589609e-07
0,8.26467329451635e-07,3.06257670638265e-07,1.10975113540863e-06,7.16176079826228e-07,3.86331824472116e-07,4.50194027378944e-07
0,5.91573665440480e-07,4.42575828744523e-07,1.01115482968849e-06,1.05967495585610e-06,8.17280340580807e-07,6.54258501781058e-07
0,3.79260790237936e-07,3.39724522348356e-07,7.13176276131739e-07,6.83878606526355e-07,7.34299361444688e-07,8.02218451728243e-07
0,2.31053970547756e-07,4.92367686281396e-07,8.82054879574861e-07,4.89695383878031e-07,6.26257075660952e-07,5.98500610719888e-07
0,8.62264243066852e-07,5.61394118050768e-07,7.14509721414697e-07,5.27236040934481e-07,8.97191693523536e-07,9.43240447099270e-07
0,5.30726835858139e-07,3.74993701168291e-07,2.76393983662357e-07,2.68882278600999e-07,5.49025391876375e-07,5.26800730941134e-07
0,4.97007406140386e-07,4.51388479116540e-07,7.65154370782984e-07,5.58404452206605e-07,4.56072467240191e-07,5.47679316150210e-07
0,6.37734771577377e-07,3.33762056737496e-07,8.86936135845173e-07,7.67084936442419e-07,9.57390652443275e-07,2.63693119457104e-07
0,4.14973493739330e-07,3.36968899238957e-07,1.51710983929230e-06,1.15394582321914e-06,8.68966720860697e-07,4.57351567474960e-07
0,5.76931418764760e-07,3.79758019947167e-07,5.34304847399803e-07,1.28671253719667e-06,6.06731097110734e-07,2.71675866754473e-07
0,5.62454826769589e-07,8.06361547622146e-07,7.21005623778040e-07,6.50723759456170e-07,6.50102851252571e-07,1.09627725512538e-06
0,5.09428456866545e-07,3.43108341262563e-07,7.82790650237376e-07,6.08250312671570e-07,8.94078513033484e-07,5.51461084035457e-07
0,5.18025018583930e-07,2.11239234618409e-07,8.76584949190898e-07,6.59943450977403e-07,6.53926431989710e-07,3.18184089875675e-07
0,5.88655519817610e-08,2.54653096822675e-07,4.39380830507144e-07,4.60871375815486e-07,6.16889021072724e-07,5.26445176282489e-07
0,2.72962915364454e-07,2.82285979294394e-07,4.88154748067571e-07,5.73944148881128e-07,6.92767098953686e-07,4.97518014881086e-07
0,2.94017597239152e-07,4.10667293020188e-07,7.66179051656975e-07,8.56651696770508e-07,4.41707707677294e-07,5.09324859800090e-07
0,5.20980839320062e-07,5.93867942622608e-07,8.48257058398396e-07,8.42279512201696e-07,5.50506212887670e-07,4.64539412940401e-07
0,4.01913853048290e-07,5.22598830880521e-07,5.43592463782818e-07,3.41574854919008e-07,1.47584471557767e-07,3.62729331211362e-07
0,9.53176231535918e-07,2.94612601173770e-07,4.11186813785810e-07,2.11291694292399e-07,6.38884934001299e-07,4.63315580382323e-07
0,3.58195267474689e-07,2.83739976197100e-07,5.41527069345969e-07,6.18534712761107e-07,6.10692078853523e-07,2.28955132523119e-07
0,3.72685481901648e-07,3.40431452867945e-07,5.33000180987424e-07,5.61573738421088e-07,6.17649346466295e-07,4.12065351180884e-07
0,3.25616862968284e-07,2.69059131619251e-07,5.18271117224398e-07,4.09458707696483e-07,4.07309380692947e-07,4.10881056594619e-07
0,8.24710078146110e-07,4.30490863060297e-07,1.32333219843664e-06,8.85635858080048e-07,9.14664336664598e-07,9.00869012502298e-07
0,3.76225063591700e-07,6.73953964111361e-07,1.27893658947541e-06,9.32381771556514e-07,1.40417888916328e-06,1.35434132155512e-06
0,3.03805246723620e-07,2.87203244700429e-07,5.62719426709323e-07,5.66116104713293e-07,3.47073457113421e-07,2.01003919791209e-07
0,3.65628230392579e-07,5.32451982250497e-07,1.20116200688991e-06,1.03709318820998e-06,8.53714704291347e-07,6.11913515853634e-07
0,7.12484928528816e-07,1.53186573399775e-07,3.24342003756531e-07,3.47130804777610e-07,2.10759446100039e-07,1.81163851612226e-07
0,5.40884361804468e-07,3.50348840760495e-07,8.24615455015409e-07,6.67415543158699e-07,6.75810895675044e-07,5.79434976315144e-07
0,4.09886758385153e-07,3.89643779958362e-07,7.66403785519834e-07,5.37720608430231e-07,4.16967224620636e-07,4.98705751688526e-07
0,3.53689903656891e-07,3.50631857699679e-07,8.74006627533731e-07,7.67550926807158e-07,6.10316483699083e-07,5.04451812418230e-07
0,2.30230130839216e-07,3.21434406220566e-07,7.89111373182257e-07,4.48656491164769e-07,2.72975073766979e-07,3.35999618117167e-07
0,2.77500037962720e-07,2.84795129109378e-07,4.55221706110247e-07,4.87685612222418e-07,4.37996999630547e-07,5.48218587383341e-07
0,5.15218830683807e-07,2.36667469336453e-07,1.64639158582397e-07,5.65617354643403e-08,2.46582790800619e-07,4.12336263727760e-07
0,1.54850863278986e-07,3.85221816198702e-07,1.78032365395759e-07,2.41924052329525e-07,4.46017195485512e-07,4.09844232866706e-07
0,3.77153270095396e-07,4.19169480379950e-07,7.11226590644568e-07,7.78274275355719e-07,5.49932339896349e-07,5.80469325094092e-07
0,6.46946203066108e-07,2.31930596977608e-07,5.76633182027011e-07,6.89751169284727e-07,7.76404154629703e-07,4.60884971382557e-07
0,3.76542487536767e-07,4.30519780094055e-07,2.48438864131737e-07,2.52000637348146e-07,7.71165197192089e-07,6.07320286219678e-07
0,8.05308872260887e-07,6.93857519724124e-07,8.12179775261238e-07,8.32745019718204e-07,9.87771551711810e-07,5.25344054591730e-07
0,8.96322872096467e-07,6.85619837284755e-07,6.62282107550399e-07,5.85735655433684e-07,4.16119468777469e-07,4.40487760690030e-07
0,1.81466122822563e-07,4.80388928656902e-07,7.71327891579684e-07,5.82079252224017e-07,5.47588539660593e-07,5.71306001008707e-07
0,2.82482695246606e-07,2.97410806414748e-07,2.74232042047265e-07,3.57982367986567e-07,2.97290510658181e-07,4.10360255100358e-07
0,2.26546061517400e-07,5.44425890469092e-07,4.91860754269176e-07,5.04116467497334e-07,4.43994322910287e-07,5.39334701735028e-07
0,6.98926219709071e-07,5.29687867909479e-07,1.09319136533683e-06,1.25381447695073e-06,1.10170936040676e-06,8.88256186007200e-07
0,4.86959736153651e-07,3.41217186546061e-07,6.60090127026850e-07,6.90208742485545e-07,6.33946573191246e-07,8.95170711063269e-07
0,4.62097774183722e-07,4.51053826390441e-07,7.90916259755240e-07,6.94332129542257e-07,9.78511333700614e-07,6.02804252619342e-07
0,4.58580689740642e-07,4.97762101866871e-07,1.15690902763992e-06,9.15033166205573e-07,9.26343021751629e-07,9.03123218980769e-07
0,8.23152585817831e-07,4.53008345201089e-07,3.59492367832828e-07,3.15562077090589e-07,3.51402515863979e-07,6.71615617551022e-07
0,4.09674977454372e-07,3.33990080810895e-07,3.62395282428129e-07,2.35233185953851e-07,3.79200185270254e-07,4.53487407283911e-07
0,5.09251445825018e-07,3.01365530815848e-07,3.93703821779420e-07,5.24946266247857e-07,3.48159455080411e-07,3.65631314429624e-07
0,4.94205421514384e-07,3.85577857925523e-07,1.16949332410773e-06,9.21438950924625e-07,1.01870471768003e-06,8.53350176922097e-07
0,8.34089019660087e-07,5.99160257342655e-07,1.26392882563164e-06,1.04485028643785e-06,1.04824793521358e-06,1.01347811655151e-06
0,3.69852980201165e-07,2.40463464578320e-07,7.35986078618323e-07,6.63543797526939e-07,8.43178879117401e-07,3.12228743727711e-07
0,3.18314016836090e-07,3.79623272714367e-07,7.52507365133260e-07,5.61537533866620e-07,6.07443199459925e-07,6.55310247797786e-07
0,2.27295589640722e-07,3.20551946128751e-07,6.79179504223353e-07,4.54491553424523e-07,5.58257244572982e-07,5.80931706186720e-07
0,3.19759984457806e-07,2.81882179043924e-07,6.29176231895757e-07,5.93881726289876e-07,5.49301005834008e-07,5.59525501881293e-07
0,8.75816767800091e-07,7.17988128129906e-07,1.11463924330393e-06,1.13149663225683e-06,1.44128230892877e-06,1.24135112619298e-06
0,5.79198324220749e-07,2.66876023225700e-07,4.23405826381345e-07,3.84233089082551e-07,4.98068409452155e-07,3.35596756626652e-07
0,5.31769485136413e-07,3.35979156263799e-07,5.70683307030630e-07,4.71209563749836e-07,3.30291991181994e-07,3.81952632345983e-07
0,2.57113619519806e-07,3.56571189668894e-07,5.32298980988934e-07,3.61733961621990e-07,6.43668129503150e-07,1.06335553667756e-06
0,4.41976176125939e-07,1.17354242982284e-07,4.08521908855255e-07,3.44449954882406e-07,5.04617547514277e-07,8.64159712811163e-07
0,6.17548881078507e-07,3.71493988744926e-07,4.06399057168735e-07,3.74546340270799e-07,2.73406984316641e-07,4.06852170199388e-07
0,5.37931268457502e-07,3.64389576869989e-07,4.57923028052713e-07,2.00443793257966e-07,4.53164744120245e-07,4.29633970318291e-07
0,1.16399492971856e-06,6.51711558842066e-07,1.00642684685414e-06,5.92475576993248e-07,5.93707232256707e-07,5.51495783152305e-07
0,7.21676351938114e-07,2.62205729727541e-07,2.30747926378675e-07,1.65833910258067e-07,2.75577391680161e-07,3.27336705692184e-07
0,4.06516721515355e-07,2.81261812053292e-07,5.61702379766517e-07,3.92675977634300e-07,5.86843401274159e-07,4.41114199136420e-07
0,4.30485114113806e-07,4.27106384401311e-07,6.34335447467996e-07,5.50806990688027e-07,5.57479434649925e-07,4.03798350837330e-07
0,6.53543909707445e-07,4.40992313974652e-07,4.23887941486398e-07,3.77221085461775e-07,1.21717713781684e-07,4.98061923941094e-07
0,5.32155282584361e-07,2.70521246498748e-07,5.25242881592947e-07,4.78067715635439e-07,5.06077921192005e-07,6.92192622396578e-07
0,2.93327575749288e-07,3.14253213130705e-07,3.27397533403527e-07,6.27312524776855e-07,7.04147888073201e-07,4.82246496124246e-07
0,7.91357802903553e-07,3.65157057264533e-07,7.47008715096725e-07,7.63489520138108e-07,6.46294313892982e-07,6.76432944537668e-07
0,2.58054082669755e-07,2.43424847432359e-07,2.51325728040119e-07,1.72502316654293e-07,4.03412904784652e-07,6.00564677336274e-07
0,3.77414242497475e-07,5.84293199201852e-07,8.14056293406213e-07,6.69788133692046e-07,8.98444849447371e-07,7.11829715258132e-07
0,3.77164488768800e-07,3.87665505415997e-07,8.37082567257174e-07,6.80726517551312e-07,6.75263669294997e-07,6.04169994749248e-07
0,2.07860386714653e-07,4.65979646313437e-07,7.33450434629568e-07,6.07583191663590e-07,5.70254265554165e-07,3.15310418275251e-07
0,6.44196499732420e-07,7.28885930968386e-07,8.19766073235011e-07,1.16546209996985e-06,8.61158905382823e-07,7.28097662272657e-07
0,3.46124006229680e-07,2.76795055326690e-07,5.60765951027799e-07,4.28003945656865e-07,7.67298725781017e-07,5.94990292669110e-07
0,4.89682787649976e-07,2.65624305464407e-07,3.37872376727285e-07,2.03836599955645e-07,3.46823928315272e-07,2.90492747651062e-07
0,3.18132777038486e-07,3.84848352655544e-07,7.53553636721425e-07,7.42475518902585e-07,5.61791140046839e-07,4.59152242088572e-07
0,6.49356354830369e-07,3.47893669660599e-07,6.51888966218281e-07,5.64745596979477e-07,5.34471236928738e-07,5.83657169980981e-07
0,8.19966186678902e-07,6.06009544555904e-07,1.14761906017660e-06,1.09803866287883e-06,1.39991043456319e-06,1.03076628502042e-06
0,3.80830002982215e-07,9.79122263891443e-07,1.62321202991772e-06,1.59907643562095e-06,1.52569244209848e-06,1.72381784570364e-06
0,4.38872717876699e-07,3.53540578396126e-07,8.14519831839579e-07,7.86923741552042e-07,1.35803072178358e-06,1.14134098009161e-06
0,4.63618012848469e-07,1.55128418317014e-07,2.88426879865185e-07,2.79551477416067e-07,2.07013505988883e-07,1.38789804531074e-07
0,4.99257951128098e-07,2.55252504632599e-07,3.70258069423478e-07,3.62237486025807e-07,4.90270017707050e-07,5.18096933869866e-07
0,4.31553039421380e-07,3.62516960717441e-07,1.00150623676598e-06,7.71592418226050e-07,8.94873551655464e-07,6.89159897076853e-07
0,4.55285815298962e-07,4.78350960701122e-07,6.53434457263666e-07,6.93860897246775e-07,7.02476164890171e-07,9.16553456252683e-07
0,3.26088067879464e-07,3.13966997380577e-07,7.63892282178475e-07,3.08396975057438e-07,5.72203329259501e-07,8.08242929216983e-07
0,3.02239808653411e-07,5.12006716351497e-07,5.89371685076640e-07,5.06046238233796e-07,5.55089046840429e-07,6.28597957145627e-07
0,6.02046094856626e-07,3.36549520212895e-07,7.54855498027591e-07,5.40784108642609e-07,5.30910800435043e-07,3.58691478618779e-07
0,5.41854216698087e-07,3.35111628411166e-07,7.41333661924962e-07,5.96334671764145e-07,5.48400007019289e-07,4.86384499334077e-07
0,4.00619472815650e-07,1.35658298372750e-07,6.83397610242891e-07,3.55878099389628e-07,3.56995464687921e-07,2.63062933019264e-07
0,8.70704515466256e-07,4.46165244711935e-07,4.17806680375641e-07,4.41582902552923e-07,5.58040955071607e-07,4.30581896346260e-07
0,8.01235225011074e-07,4.02392724144444e-07,6.32511636883560e-07,7.14048298579687e-07,9.03038872805152e-07,3.87883865888217e-07
0,5.09526610984414e-07,2.51473721664218e-07,5.55735587267771e-07,2.93045711352880e-07,5.83587790800896e-07,4.66266475393670e-07
0,4.00015626830220e-07,3.32104910580931e-07,6.34561107142582e-07,5.24975238724029e-07,4.45461026472247e-07,5.36844167092567e-07
0,7.15793707911928e-07,5.46874305507335e-07,5.85387381713775e-07,6.90824470554287e-07,6.10649446965970e-07,5.15647652234910e-07
0,3.82640495005906e-07,2.79938240747033e-07,4.80733051349156e-07,3.03451774512422e-07,3.55136963960339e-07,4.14256817478828e-07
0,3.73916602279136e-07,3.26310092078002e-07,5.61298437806392e-07,9.63019054829005e-07,7.77267024313541e-07,5.63542494991089e-07
0,5.30822179813471e-07,1.57030191051361e-07,7.23694410540672e-07,8.27499738427701e-07,6.38973719057636e-07,6.60646039817214e-07
0,4.47191890072047e-07,7.01734616601900e-07,8.96631123518081e-07,7.99657270843818e-07,6.47002053785976e-07,4.29080125627107e-07
0,3.55055393927156e-07,2.78158072409775e-07,5.34587485558135e-07,5.10876958607869e-07,8.93263876454315e-07,7.27325692079293e-07
0,5.56310824573017e-07,5.16189999665546e-07,9.28075049613457e-07,1.05022006207474e-06,1.27321265369210e-06,8.41357674113699e-07
0,7.08309494206094e-07,7.16843996997611e-07,6.68717981120963e-07,7.18432442106426e-07,5.56010382749765e-07,6.98798230520035e-07
0,7.53783170986889e-07,3.98748389880213e-07,4.36598352524438e-07,4.06952249571376e-07,5.86638174963011e-07,6.38744482258639e-07
0,5.68239834478463e-07,2.75946007566078e-07,3.73470365506621e-07,2.26294225578912e-07,4.38298136702379e-07,3.53106643286687e-07
0,4.69315374025237e-07,4.26460995423007e-07,5.91730207894013e-07,4.44491704573898e-07,4.88552983105960e-07,7.00425690894520e-07
0,2.77190394385935e-07,3.01067240645108e-07,7.06568503375501e-07,7.66789422438979e-07,6.21341029002744e-07,6.13055040793209e-07
0,4.52075757299119e-07,3.96634377618028e-07,6.83753490127878e-07,5.39275941351809e-07,7.45509302650809e-07,7.80869301369230e-07
0,5.24368045752034e-07,2.20613925418915e-07,5.12113193134406e-07,2.49133469871095e-07,4.94754415364456e-07,8.15079358511012e-07
0,6.18647417338062e-07,5.01544941179775e-07,1.03952121316709e-06,7.14290370463259e-07,1.13519006068161e-06,9.39645222890387e-07
0,5.58238326577930e-07,4.83357128421663e-07,1.02031278157408e-06,9.04142087454367e-07,7.91362307415234e-07,6.64957909770879e-07
0,5.43615502513467e-07,2.80132104578785e-07,5.23352834463214e-07,4.36010108322648e-07,4.74133437595129e-07,5.45399582108162e-07
0,7.07594721988114e-07,2.82154954783363e-07,4.49648423557527e-07,2.44419840386820e-07,3.79687875871124e-07,5.06314662509504e-07
0,8.05837559334733e-07,3.96213059099120e-07,7.84998921258978e-07,6.04921014795361e-07,7.29160274553375e-07,4.46346462492706e-07
0,5.87777223004331e-07,4.99225792335878e-07,5.94957456404633e-07,4.61136580567957e-07,5.42678770653515e-07,5.67294343671145e-07
0,3.79131777683662e-07,8.60899930772720e-07,6.29864861524263e-07,6.32565119475696e-07,9.95621587758047e-07,9.96170337838908e-07
0,5.13156408508509e-07,5.61498679300109e-07,7.18312573302675e-07,5.77245179760255e-07,7.64728490276054e-07,7.92822019256581e-07
0,6.74388309821238e-07,6.84045387977162e-07,1.08757292036234e-06,8.47882064701426e-07,9.34320229922906e-07,6.13085903620161e-07
0,8.51326568176125e-07,2.91582542517004e-07,7.62710517306607e-07,9.12064142868078e-07,6.50867895295548e-07,4.85171076195068e-07
0,4.79827039217461e-07,1.58808365533131e-07,7.33898825222170e-07,7.26552188833233e-07,7.65980884215985e-07,6.17617746771657e-07
0,4.32171894379117e-07,5.00897556849398e-07,2.26790770064519e-07,7.32762706114216e-07,7.21350093518791e-07,7.38853187750320e-07
0,7.15656147246389e-07,3.35846446957575e-07,4.72657027738026e-07,2.18085846690661e-07,2.27835515678980e-07,4.40041514864780e-07
0,6.54644779930579e-07,3.99035645592863e-07,1.48112541812114e-06,9.94068237632522e-07,6.93412628219166e-07,9.50056154147468e-07
0,5.80982846844750e-07,3.84800371687853e-07,5.91484007109375e-07,5.77681484791092e-07,4.90839849654521e-07,6.32587839135474e-07
0,5.24323232654331e-07,5.08631830520077e-07,7.60918094314504e-07,7.20565604266973e-07,5.84823173121862e-07,5.75787440292292e-07
0,9.72842861363272e-07,5.37157556108407e-07,7.65493422873086e-07,5.02371947558148e-07,6.58378214283100e-07,7.49126156551602e-07
0,9.03376677540258e-07,5.62869918148447e-07,5.05219888558361e-07,3.07911711744304e-07,5.97355811385582e-07,5.76904708440798e-07
0,5.95372497891251e-07,3.48876388680776e-07,6.74245502493465e-07,7.14336048720096e-07,4.96271721885474e-07,6.29867128185837e-07
0,6.02055126354302e-07,5.30234666765762e-07,1.10130917390363e-06,1.13638954460065e-06,8.84299768886910e-07,7.57668605997712e-07
0,5.06879569857403e-07,2.19161408106743e-07,3.73311660983848e-07,4.39669822112977e-07,6.06858720490296e-07,6.63326764829653e-07
0,1.23707508550374e-06,4.38167723092654e-07,8.51358777602197e-07,1.01295973871235e-06,8.41291531726085e-07,1.23820016190408e-06
0,6.30171630116908e-07,4.12960610549113e-07,4.68737519360479e-07,3.52485060225056e-07,4.39608233423735e-07,4.65452964694903e-07
0,4.99544367854627e-07,3.21435801756123e-07,6.45067730353915e-07,3.70076537025854e-07,4.35359799616789e-07,5.16042039897635e-07
0,4.46367930491559e-07,5.40845462000545e-07,8.29037731211740e-07,5.63926808856732e-07,8.28363529108685e-07,8.04412335784932e-07
0,3.97118544003670e-07,5.02757788278771e-07,5.02785703157338e-07,4.13357326095778e-07,5.28445047463255e-07,4.33431120033553e-07
0,4.50832134715286e-07,4.74948088658997e-07,5.91612554419747e-07,3.22112065467588e-07,4.08087277307387e-07,6.33259266837401e-07
0,5.93067676292658e-07,2.00135977749750e-07,4.99506450246880e-07,6.21860859920142e-07,3.53429460794462e-07,3.58597216053249e-07
0,5.98086166450709e-07,2.87860996680983e-07,4.50590246950734e-07,2.62241633536742e-07,2.59666022874442e-07,4.67207146361231e-07
0,4.81969191247189e-07,3.41434971689326e-07,1.03996344784547e-06,5.44769115741043e-07,9.04073583847947e-07,9.63697845396339e-07
0,7.49832437922011e-07,3.47254350044187e-07,8.70943739380202e-07,7.85233724897060e-07,7.41227144543775e-07,4.20303633011177e-07
0,7.23847991529317e-07,4.54579250446871e-07,4.57680288263965e-07,4.22902514000121e-07,6.66226102653420e-07,7.60834403578038e-07
0,4.71082275170237e-07,3.31717994980318e-07,3.00783169504911e-07,3.35767521095876e-07,6.26401041496357e-07,4.39325197165698e-07
0,4.35632128525803e-07,2.27261423069984e-07,6.71647030801829e-07,7.97428970879124e-07,8.74533371799270e-07,6.16639426997494e-07
0,4.79034598046227e-07,3.25914850448483e-07,7.03567033284933e-07,7.12678142921800e-07,7.35192995650515e-07,7.14851258104969e-07
0,6.51261799088169e-07,4.02591155760111e-07,5.08213604283457e-07,6.00335472932883e-07,7.76386021128165e-07,5.31773538795990e-07
0,3.38306318902663e-07,6.77048231250698e-08,4.55039807152931e-07,5.41137704181311e-07,6.70117441145734e-07,4.14720677771156e-07
0,7.78376094653114e-07,4.02280583135269e-07,4.30814798625826e-07,4.70571680504371e-07,5.09987093419611e-07,6.52553879665780e-07
0,6.15674794325535e-07,3.00097691032959e-07,4.13663169206283e-07,3.39565862529446e-07,3.71925033161930e-07,4.45636918714048e-07
0,5.91687571021479e-07,3.42436838417487e-07,5.14285526974332e-07,4.07532966340766e-07,5.89615151286574e-07,4.99219818387069e-07
0,4.06742819018827e-07,3.38240019679694e-07,1.12175226577482e-06,1.01614989981242e-06,8.98643998547555e-07,6.06909994033312e-07
0,5.18574409859384e-07,3.24400022437503e-07,3.62374479456519e-07,4.05002459257784e-07,4.76427374229835e-07,4.70941764999360e-07
0,6.09922308298584e-07,2.30962125124365e-07,3.39759703401664e-07,3.77318084678610e-07,1.83296479118566e-07,2.15188343206038e-07
0,3.29964258557896e-07,3.54127820674782e-07,3.90767066209536e-07,4.13511372147829e-07,4.47408322219745e-07,5.25056191906909e-07
0,2.77491788235439e-07,3.14511774575501e-07,6.38751151658766e-07,4.20546482804833e-07,4.82672752111478e-07,4.67625505692541e-07
0,5.34124343949541e-07,3.06329990781998e-07,2.96134759153688e-07,2.54907981944776e-07,4.73780346198957e-07,6.06246973302639e-07
0,5.95463830769499e-07,4.39172047572505e-07,5.77822277117569e-07,6.46378248795358e-07,5.64695787170572e-07,7.91800477147649e-07
0,8.53680242902440e-07,3.85169455932351e-07,5.25005420639988e-07,3.64435746509716e-07,4.57827781292871e-07,6.07154570291326e-07
0,5.96109421232802e-07,4.17854331830194e-07,3.85781539582794e-07,3.67811386229266e-07,6.09575352803299e-07,5.06702780387938e-07
0,5.68945349599818e-07,3.36453523760665e-07,1.02979015448702e-06,8.77447810014948e-07,7.75381593558643e-07,7.52051282285878e-07
0,2.91568089796141e-07,2.35478849611377e-07,2.07146806995131e-07,1.73883124532052e-07,6.71976196597254e-07,5.54188342953908e-07
0,4.39503465308345e-07,3.49871740752824e-07,7.76802522413519e-07,6.54213968664324e-07,6.45375706267398e-07,6.72582795682463e-07
0,8.66342704394308e-07,7.54948594461828e-07,1.27045607116714e-06,1.18390533736949e-06,9.42716600618937e-07,7.82183924426531e-07
0,3.36873301863102e-07,2.35479157091705e-07,3.53338023679884e-07,3.20314673292941e-07,5.92625051005022e-07,3.70699765268090e-07
0,2.29238039874407e-07,3.20020329591230e-07,8.00809962533458e-07,5.72053848067403e-07,9.27945695114796e-07,8.42277655501982e-07
0,3.37801012281913e-07,1.97344742731476e-07,5.16519819912606e-07,3.16249100915038e-07,4.58068322149741e-07,4.07880130877127e-07
0,3.52559282018308e-07,5.28072880795304e-07,8.08319221795850e-07,1.04702594903747e-06,4.28401618687383e-07,4.64435678499825e-07
0,5.72215426769159e-07,3.51352790327871e-07,8.47014071269309e-07,5.76908107703119e-07,6.05726311288409e-07,6.13555503445664e-07
0,3.91905595380575e-07,1.94416844067669e-07,4.79225117574271e-07,3.34363893120362e-07,5.10914035154759e-07,5.13268679492281e-07
1,2.45045302552161e-07,5.09223901675099e-08,2.18512736444047e-07,2.53314240694258e-07,2.79660223618445e-07,2.96818155835804e-07
1,8.60599028618341e-07,1.20415874173253e-06,2.16524463529657e-06,1.38443287640478e-06,1.38005129637774e-06,1.25355652579646e-06
1,6.88821771823637e-07,9.51984927305902e-07,1.02514704561066e-06,9.15830011513374e-07,1.16090400463202e-06,1.29421029389876e-06
1,5.00462259505689e-07,4.78009960502103e-07,1.36319453598919e-06,9.32788213252535e-07,1.07161323825444e-06,8.09919855065723e-07
1,4.33914221893174e-07,5.51663672615645e-07,1.20060848443440e-06,6.07751375716752e-07,1.28169235373242e-06,1.25385113413111e-06
1,1.86307616489840e-07,1.21409447094155e-07,6.02245257445292e-07,4.50356975732788e-07,2.47219307994973e-07,4.38478702636113e-07
1,7.02473323031309e-07,6.77731179647472e-07,8.72784096703907e-07,7.66225360992762e-07,8.48915496224229e-07,8.62780687815477e-07
1,1.21308728342475e-07,5.88432739853550e-07,4.67431326890017e-07,5.75036679750666e-07,7.61005863155758e-07,1.03496874858221e-06
1,1.14204558638477e-06,1.39171948798124e-06,1.46042574506239e-06,1.51868238882359e-06,1.62255060755075e-06,2.33927480662797e-06
1,8.23701165101774e-07,7.27093946030218e-07,1.16504545238130e-06,1.53602683873086e-06,9.75015255996910e-07,6.72065107297082e-07
1,5.27812306533991e-07,7.01228522493018e-07,1.27954174901741e-06,9.10020995048303e-07,1.05162114825342e-06,9.64650486468851e-07
1,6.42426283133145e-07,7.06967305973975e-07,1.06893979001707e-06,4.04954860299396e-07,1.08748717342994e-06,1.37576910434130e-06
1,2.57118359017699e-07,3.93783555890521e-07,3.44758794735866e-07,4.00675119382592e-07,1.09555740401798e-06,1.43876712651778e-06
1,2.78510319130237e-07,1.39187764071141e-07,3.93478488491562e-07,3.71073878536961e-07,2.38871484686893e-07,2.77271972667313e-07
1,4.04756936645651e-07,2.99893013395362e-07,7.90922670387897e-07,6.44190233163819e-07,4.55596233130298e-07,5.16389021552559e-07
1,3.08161851165832e-07,2.72777422667834e-07,2.59059592387389e-07,2.03219331164782e-07,1.33603215815679e-07,3.83545309299480e-07
1,9.96129943130212e-08,2.31898167276658e-07,1.05347198592109e-06,8.75711924152363e-07,4.62417954573372e-07,1.87450363566891e-07
1,6.28981567955170e-07,8.44729875367158e-07,1.43437746293759e-06,9.19306788676290e-07,1.30948504688318e-06,1.88548393436126e-06
1,1.11429591543961e-07,2.72686442425408e-07,4.89900281471591e-07,4.46968057087627e-07,1.18928929819991e-06,1.74224290286248e-06
1,1.11953937125781e-06,9.61014047749484e-07,1.57209872664949e-06,1.18143566601288e-06,1.46377674415018e-06,1.60094549902099e-06
1,4.28623501140143e-07,3.09065188004570e-07,6.04863582789848e-07,4.43770127376218e-07,4.64658047002048e-07,9.22000391207049e-07
1,7.72254709390098e-07,5.46904953894032e-07,9.20915943635699e-07,6.95917589055178e-07,1.18701185948673e-06,1.89276465198676e-06
1,1.10598378892742e-06,1.28918191909545e-06,1.22732314522151e-06,1.32821858287900e-06,1.28864524846444e-06,1.46088401170180e-06
1,9.91102565530550e-07,1.06919129764957e-06,1.04054337646219e-06,1.07768967297527e-06,1.20376332529548e-06,1.56839519231122e-06
1,1.81674863937076e-06,1.83045236497840e-06,1.90607466463539e-06,1.90913930071447e-06,1.80420664198642e-06,1.71799853088073e-06
1,3.70605781857312e-07,3.26650376357038e-07,6.79811934664351e-07,6.32129573477581e-07,5.06785224548576e-07,4.79437109791240e-07
1,6.96555785241684e-07,3.37006125799260e-07,5.53938187371600e-07,4.95855030061483e-07,5.40308938614142e-07,1.46651752369165e-06
1,9.05326737750283e-07,6.24193381941822e-07,6.23010119217490e-07,6.09274651409506e-07,7.83807980544485e-07,7.63922396865363e-07
1,5.13283696845246e-07,6.87822410477303e-07,9.46945326816198e-07,8.66561205844983e-07,7.37453443429773e-07,8.55051084650309e-07
1,5.18401639989368e-07,6.31595341999256e-07,1.11492329048975e-06,6.77799351122431e-07,7.62358635955939e-07,6.78511565566709e-07
1,5.85885770769617e-07,5.70406899188394e-07,6.92513088588402e-07,5.89135857198311e-07,7.21279478650329e-07,5.58242415809142e-07
1,8.48598956450746e-07,9.53511165626895e-07,1.34172353170066e-06,1.09242446663102e-06,7.17414848712244e-07,9.33961085909679e-07
1,4.45382309278550e-07,3.32381847178674e-07,4.10937856477116e-07,2.18359960027025e-07,2.91283369979434e-07,3.40993617395774e-07
1,3.01499393270159e-07,1.40539619027887e-07,5.41711967403524e-07,2.44724479163516e-07,2.34425847623059e-07,1.74680211984218e-07
1,4.98075716742295e-07,4.55572551945807e-07,4.44141417562642e-07,1.56294741780792e-07,1.70496825188090e-07,2.76865796394200e-07
1,4.20432597470582e-07,3.33667920144233e-07,3.54329198379806e-07,3.10453150483511e-07,3.04271877734721e-07,3.93781720316665e-07
1,6.92047503365481e-07,3.64999241921882e-07,4.88903823665798e-07,1.80099260958346e-07,2.82772297614142e-07,3.54980632298122e-07
1,2.21634715845141e-07,1.16147485881040e-07,3.62085666719662e-07,2.09225224379629e-07,4.59942695843004e-07,8.88790584216215e-07
1,8.11638507946654e-07,4.93870392743022e-07,2.08769851615071e-07,2.14685557897402e-07,1.66454232804856e-07,1.88733998407660e-07
1,4.60475291411845e-07,2.37855644196990e-07,2.29920512436692e-07,1.00392917985699e-07,1.17667390705809e-07,2.35914215788469e-07
1,6.58999366919726e-07,3.96189922470090e-07,4.25766657515549e-07,4.53889572056720e-07,3.07802577247882e-07,1.79281004833114e-07
1,2.60974152312903e-07,1.22609931063856e-07,9.69717670384830e-08,1.93438804728304e-07,3.17483166463795e-07,1.56675397957559e-07
1,3.12429167192918e-07,3.95302988913732e-07,9.16611820366735e-07,4.63064819384224e-07,5.28947623235699e-07,6.20181491208610e-07
1,5.47458422833891e-07,3.09004405912912e-07,4.83252759172176e-07,4.95880559517158e-07,4.97304967812600e-07,4.69047218273854e-07
1,3.33647970065141e-07,3.05302993449540e-07,8.15921369906556e-07,5.25459286090789e-07,5.25712451473633e-07,6.34825339787054e-07
1,2.44104939954172e-07,3.28667144061710e-07,5.32318864626802e-07,4.87316315196634e-07,5.54871474854844e-07,5.60522466476126e-07
1,2.34600467460324e-07,2.10486624772961e-07,2.09076289527777e-07,1.74120765580011e-07,2.18023963396775e-07,3.00317754772766e-07
1,2.61166452372498e-07,1.22156322202834e-07,1.57161734407422e-07,3.08342665438188e-07,3.97568453793049e-07,2.36906934725121e-07
1,1.17401317483656e-06,7.04986582462359e-07,8.53451501144643e-07,7.00909869801868e-07,7.34740617147577e-07,8.31758136379011e-07
1,5.18296621532472e-07,2.47738626080104e-07,2.79254036578660e-07,1.93850125784339e-07,3.06337241251296e-07,2.66263870346812e-07
1,5.99074817638724e-07,7.17799733982758e-07,1.83642419082302e-07,1.29386858102394e-07,3.01646555223231e-07,1.32014416429125e-07
1,5.63369927327285e-07,2.84605792119510e-07,4.24066112271004e-07,2.10673805007862e-07,1.92381792480250e-07,3.17310166033456e-07
1,4.47064784838043e-07,3.28319343603130e-07,2.54269591486631e-07,2.88510690449644e-07,2.36306991277831e-07,3.33410570651666e-07
1,5.75176673149663e-07,7.00876347119074e-07,1.21390870678692e-06,4.09077183573416e-07,9.55189542745183e-07,1.40025507152791e-06
1,3.92461644427712e-07,1.18749136105844e-07,5.91300260669715e-07,2.20775286267670e-07,2.99240094909217e-07,6.82155945134731e-07
1,3.35345754091968e-07,1.93343468341831e-07,6.24303926803903e-07,1.66005924692056e-07,4.02758489152247e-07,2.52958478224342e-07
1,6.06985627516940e-07,3.55916870354507e-07,4.99447903985863e-07,3.62847804048457e-07,4.59105439171725e-07,4.12102615404239e-07
1,4.22329483392261e-07,3.40524063108007e-07,8.42294155679719e-07,2.63315551446739e-07,5.90371018688480e-07,5.03128722123292e-07
1,3.56139818601581e-07,3.78264148288583e-07,2.85293227445253e-07,2.14847063560615e-07,7.40553865726432e-07,9.73940517998035e-07
1,6.61392737358681e-07,2.78260379256347e-07,1.96421408474481e-07,2.61239175477339e-07,2.17634147424081e-07,5.59341814822049e-07
1,3.44347075530821e-07,2.99650843202353e-07,9.76147657758483e-07,4.03393962297115e-07,1.07617291853949e-06,1.39140128141408e-06
1,6.41610911067599e-07,3.59710818416583e-07,4.59246839462191e-07,2.02712184135430e-07,4.32646411453508e-07,4.32897684233776e-07
1,1.68832688953655e-07,2.49957797247191e-07,9.85887100938243e-07,5.30523675265690e-07,7.57960084420436e-07,4.58202633794147e-07
1,7.85098187407739e-07,5.21572405452044e-07,6.53040944174975e-07,5.56088075064207e-07,1.11089706203062e-06,1.31059912985079e-06
1,4.90107683346133e-07,3.77462127008442e-07,9.83343263195959e-07,2.19058139162553e-07,5.61000042986457e-07,7.14476211110536e-07
1,2.30219351538009e-07,3.01777288555754e-07,5.05328377251954e-07,5.77367525166446e-07,9.65633960140246e-07,1.19394955362959e-06
1,7.97296542449050e-07,6.68336077405148e-07,2.35781646889203e-07,1.06520518280681e-07,2.29175227977163e-07,6.43994325939206e-07
1,2.44878508168408e-07,2.30926746781406e-07,5.76764532957330e-07,3.62994236388441e-07,4.05443707843078e-07,3.52325606941982e-07
1,9.24584571987564e-07,5.77977131101105e-07,8.42396719906430e-07,6.18038583921222e-07,3.19891991719259e-07,4.00703026422693e-07
1,3.59549819872815e-07,3.04898292417291e-07,9.36652502081106e-07,4.95404240673861e-07,3.83111301873513e-07,3.38389235221568e-07
1,5.42247753647428e-07,3.57548631715580e-07,4.94313656463359e-07,3.10084900601574e-07,5.59595864249616e-07,4.05177413513194e-07
1,4.12541531965358e-07,2.46079877861285e-07,5.16171655584015e-07,3.10702980037773e-07,1.34455041540153e-07,2.50608487569342e-07
1,4.32572908042025e-07,2.39782769286898e-07,7.58190705199220e-07,5.22348734628179e-07,2.37505211229469e-07,3.45255912177426e-07
1,6.93802621900363e-07,3.13712284145948e-07,2.51786818843119e-07,2.68577632565908e-07,2.07920726827757e-07,7.30552542096071e-08
1,6.36173023623332e-07,3.31648075856856e-07,1.19054687533791e-06,4.21380710037160e-07,4.42062612043888e-07,8.04346845607888e-07
1,3.69211992561197e-07,1.31675309290814e-07,1.17623722036418e-07,1.55747055451612e-07,4.09243976591528e-07,4.46114184098649e-07
1,5.24330342846906e-07,2.15605271251429e-07,1.05684098916477e-06,3.87001785821087e-07,8.41098158729684e-07,1.10733822014350e-06
1,6.50750866501289e-07,2.67220161766791e-07,8.17349019314043e-07,4.35622199992209e-07,2.24864914952705e-07,5.53764931156781e-07
1,6.44564797927499e-07,4.72016108541612e-07,1.18128959366298e-06,8.20421578794677e-07,8.29391701841478e-07,9.27351746961235e-07
1,5.62682920068878e-07,4.56189870342522e-07,2.70196031680409e-07,2.31478854845448e-07,3.01897269933940e-07,6.08482240315167e-07
1,1.06656524875948e-06,4.35215333851458e-07,7.35249221195120e-07,5.65909715378358e-07,6.55257163325647e-07,4.98600845210038e-07
1,3.90160442145485e-07,2.80015449022356e-07,5.99110714910578e-07,2.58975247655906e-07,6.03636583885509e-07,5.73011929261775e-07
1,9.00505739410486e-07,3.83589753180853e-07,1.04885277439176e-06,5.88919419864118e-07,1.22622794022206e-07,3.18540386356314e-07
1,6.94044637236666e-07,3.18248007386134e-07,1.07132380261115e-06,5.70407430384624e-07,3.97734812945995e-07,5.66918867569893e-07
1,6.52689831811783e-07,2.66506525137819e-07,8.63385848815922e-07,2.57593141724685e-07,3.32311547835264e-07,2.89669834928369e-07
1,6.83601447128267e-07,2.02840584587466e-07,3.14222568111656e-07,1.15978288877258e-07,9.27257108364345e-08,1.57472657314081e-07
1,4.96258961809007e-07,3.04963090441135e-07,5.46669458552798e-07,4.20817839377763e-07,2.07370881716658e-07,2.02650105896200e-07
1,5.15594468734944e-07,1.48557372800332e-07,5.12089579004377e-07,3.21072204538173e-07,7.03984593641173e-07,3.93519144618021e-07
1,4.16986621859192e-07,4.62543320337684e-07,7.83125748906414e-07,3.58416568009110e-07,5.59027372608452e-07,8.84384368942963e-07
1,7.21884147701531e-07,2.88994913210843e-07,3.08211881793975e-07,1.44109827965804e-07,2.90050864584135e-07,2.93347392016550e-07
1,7.98015868158453e-07,4.97625644513691e-07,3.57390133594134e-07,2.69729419813596e-07,5.83045977533492e-07,9.30659462993776e-07
1,5.89437432257861e-07,2.69111013878954e-07,7.36735872257392e-07,4.08289089575628e-07,1.42166606592443e-07,1.26940476578417e-07
1,4.51176872822419e-07,2.91441030620906e-07,5.47217063241523e-07,2.29860350501105e-07,5.68655203697693e-07,9.19776451619669e-07
1,6.91150168962681e-07,3.06214660181450e-07,2.41016957206023e-07,1.78645974956561e-07,3.30477250974387e-07,4.69629475731766e-07
1,5.34572521928773e-07,8.98360019889451e-07,8.52563002066197e-07,2.64023903124995e-07,9.25589466325566e-07,1.04801351626919e-06
1,2.41149732299858e-07,2.60241302211390e-07,4.05107479530540e-07,4.71623445811931e-08,3.64663045660018e-07,8.38784742453135e-07
1,4.50761778463919e-07,2.62269541743013e-07,5.95785468292788e-07,6.13021575606513e-07,9.29914770766959e-07,7.62603813367683e-07
1,4.74275211935606e-07,3.22571533548539e-07,6.55483544075638e-07,3.21981696081019e-07,6.29535671962991e-07,6.73425230623541e-07
1,2.32571494899781e-07,4.50194394965790e-07,5.06060947812339e-07,3.16545691293967e-07,1.42336277982594e-07,2.93098529290133e-07
1,6.63400506650735e-07,6.45660178727344e-07,4.98915041213418e-07,4.17954942686967e-07,5.99372468842089e-07,7.71161966931698e-07
1,3.93683253736859e-07,3.94353010651117e-07,1.46117438244025e-06,1.93369613678250e-06,1.29750789483926e-06,1.17669595243686e-06
1,5.32788269885199e-07,2.92846781150530e-07,6.15715427608199e-07,2.74581556969470e-07,2.87312823463848e-07,2.37318229135477e-07
1,2.74469316894089e-07,6.12340446926153e-07,1.01118281050357e-06,5.49826215345572e-07,6.04665350602240e-07,1.37171706962168e-06
1,8.78651757752055e-07,3.81397119276653e-07,8.86645292783408e-07,2.63770054048553e-07,2.51349398421698e-07,4.62923545341854e-07
1,5.22898259328443e-07,3.90878186203682e-07,9.62077099220238e-07,7.75680173936234e-07,5.13076627993779e-07,4.81187143894254e-07
1,2.86739938188969e-07,1.20431514142060e-07,1.36548266143757e-07,1.90139231552267e-07,3.78083359617653e-07,4.20603527383812e-07
1,4.03607306546406e-07,1.96845359711748e-07,2.25639396774865e-07,1.88095558328991e-07,2.60903326213929e-07,2.02611687003262e-07
1,3.67429424591220e-07,2.01795656735063e-07,2.74553951147263e-07,2.43079365413164e-07,1.39317226034351e-07,4.35733026449339e-07
1,7.47928368127585e-07,2.31880070104830e-07,6.15714068644699e-07,3.85667376526474e-07,8.15295857648077e-07,5.01040517064381e-07
1,5.98534476374620e-07,4.36196570513843e-07,5.75007579641256e-07,5.83967609793245e-07,6.23957152812666e-07,5.93349096115267e-07
1,2.55674538391428e-07,2.17482098991345e-07,2.27770994344712e-07,2.76650380072563e-07,2.23456930634811e-07,2.12466914416391e-07
1,4.12365122842913e-07,3.58727528020979e-07,5.69809929631107e-07,2.51211244638621e-07,9.87027479032747e-07,9.08157088251794e-07
1,4.04279533519532e-07,1.73867254429534e-07,3.49623675256445e-07,3.34254304447737e-07,6.62732203740235e-07,1.19076090491101e-06
1,5.32981914475222e-07,3.77679494245820e-07,3.90285916755033e-07,1.24613631917406e-07,4.12891544053682e-07,8.50066827074136e-07
1,2.20370341690453e-07,2.76238462810565e-07,6.13676490746672e-07,1.42181696298031e-07,6.57798694983920e-07,6.79869842681564e-07
1,4.35756519104307e-07,3.93912921191030e-07,2.86853567776103e-07,2.85632898105238e-07,2.11801175264179e-07,1.95721069058076e-07
1,9.22281080428784e-07,3.93095797255614e-07,3.55587357125202e-07,4.36229976653117e-07,3.27982948930609e-07,5.28673486830279e-07
1,6.33434096006202e-07,2.89696271143118e-07,3.25868478118076e-07,3.16662594404484e-07,3.56671368601401e-07,3.48080903475732e-07
1,9.72209794962429e-07,2.14072252295845e-07,4.02409435679740e-07,7.58678293129360e-07,4.61063687622084e-07,5.52517388235412e-07
1,5.78137360886482e-07,3.56777469226230e-07,1.50441727415612e-07,9.57670512637256e-08,2.47542112712651e-07,2.22588976979407e-07
1,4.29273030006633e-07,2.97391754089994e-07,3.51716895712691e-07,3.44133988366501e-07,2.65656186081275e-07,3.71692979802326e-07
1,5.01974805878835e-07,8.79771996836133e-08,4.31849337616244e-07,1.62639192181660e-07,6.83045151446931e-07,4.37461678314962e-07
1,3.66086772085577e-07,1.76142743016174e-07,2.59550648818256e-07,4.62609789671683e-07,5.21226119134650e-07,3.91213261519923e-07
1,6.00428619147813e-07,2.43145475069156e-07,1.87749431742678e-07,2.62291500724146e-07,1.47662242798346e-07,2.81344282089592e-07
1,7.68666044159986e-07,2.27742015964304e-07,2.32230186150312e-07,2.97403832137080e-07,4.14226994872565e-07,9.04618068566695e-07
1,5.76294412811528e-07,2.12715580944894e-07,4.09717721491223e-07,2.21854805145714e-07,1.68067371716616e-07,1.22470517759625e-07
1,4.52680586502264e-07,2.29932292680475e-07,1.61028013666973e-07,2.24917555747844e-07,3.52521093105798e-07,3.45439400172256e-07
1,6.13273383120160e-07,4.21127561288320e-07,4.49425849878815e-07,1.77386894242057e-07,3.63239288631077e-07,4.51992601738675e-07
1,5.54815604324495e-07,2.95831616198743e-07,6.34454902465212e-07,1.31476975200893e-07,1.98808225667373e-07,2.42435369222624e-07
1,4.21255898374470e-07,2.38211441002658e-07,2.05784995472513e-07,3.64312509846416e-07,3.17552174713895e-07,1.96774794625133e-07
1,9.90815836767615e-07,3.72775054623115e-07,3.35591617658775e-07,4.18009895682734e-07,7.26849504691066e-07,9.32474974986081e-07
1,3.79658238534624e-07,2.50548002312543e-07,3.13597153319208e-07,3.47999798513231e-07,2.62151896024426e-07,2.08319741679883e-07
1,3.76804266062194e-07,1.96228841865662e-07,5.26646784277812e-07,4.95961867068178e-07,2.79294936368863e-07,6.61568492320842e-07
1,7.44211573958429e-07,3.32412323035744e-07,1.76679103854483e-07,2.68608045910623e-07,3.17726214465132e-07,3.58844213961815e-07
1,3.68490068314677e-07,3.87072794107502e-07,7.99550518239439e-07,4.56362984484462e-07,2.71242533362465e-07,8.76047876384985e-08
1,6.75260314547026e-07,3.10875084576877e-07,5.97921638011896e-07,1.36039884245400e-07,4.91564947496854e-07,1.77594641924198e-07
1,1.86398445638558e-07,5.06524224064364e-07,2.40078506356961e-07,4.44421937489422e-07,3.40540183774771e-07,2.29911534422398e-07
1,2.82270441395380e-07,2.42438018659403e-07,4.27805934792184e-07,1.09938606476438e-07,2.65398334800049e-07,3.39201615303097e-07
1,1.46978391555427e-07,1.58732846949859e-07,2.66157049634270e-07,2.17199020233687e-07,4.54591114239096e-07,3.19526643930030e-07
1,4.61593220155774e-07,2.40726144312442e-07,3.50412549198148e-07,2.24753786044752e-07,1.57789630844124e-07,1.84487290105764e-07
1,3.54183211823932e-07,3.27664212847723e-07,2.80244664523958e-07,3.42462299571261e-07,4.08512845573167e-07,1.82311175139064e-07
1,6.13122814708854e-07,4.07153130818225e-07,3.07683219299118e-07,2.71391468387835e-08,1.00242471473640e-07,8.13345627787659e-08
1,5.79250005659205e-07,8.59574224899973e-08,4.93106798572525e-07,2.72741688888220e-07,2.35839202667706e-07,2.98619530492400e-07
1,2.67978902000014e-07,3.32802019346945e-07,4.34247601903263e-07,1.39010576109645e-07,2.94712773019913e-07,5.92978347621107e-07
1,3.39620211009642e-07,3.03328972199446e-07,2.98228954549582e-07,2.07325446532552e-07,3.29611502435769e-07,3.45329874013022e-07
1,6.42138233917962e-07,1.99241820592204e-07,5.67051983015765e-07,4.11523966659556e-07,2.95681272140310e-07,1.99746356954461e-07
1,4.08202784359842e-07,2.01622170186695e-07,2.50169113334780e-07,2.88333166416596e-07,3.93589328287371e-07,4.16690085770735e-07
1,4.38537660796931e-07,1.55131111499622e-07,4.78609902090314e-07,2.83542428340737e-07,2.06911887852618e-07,1.99259413326871e-07
1,7.37478385025696e-07,2.45086907786173e-07,2.16667878081390e-07,2.04312036166987e-07,2.96618778230261e-07,5.16177604070603e-07
1,6.43394332640614e-07,3.50692856268532e-07,1.04147716958019e-07,8.43499146109581e-08,3.28222590651554e-07,3.14873778625195e-07
1,6.26323321198732e-07,1.65836871975242e-07,5.54282659708657e-07,5.93418272391160e-08,2.59211236947645e-07,3.52771498737183e-07
1,5.06800394366592e-07,2.83168757755674e-07,3.15238059036986e-07,3.55875063652015e-07,4.91217431539701e-07,4.02105002351172e-07
1,4.23573173142803e-07,4.37848426741621e-07,7.87452375582728e-07,5.11924449660762e-07,2.32094533216188e-07,2.69877390518652e-07
1,6.22529507457769e-07,4.23395188447705e-07,2.95724147119446e-07,4.95348395185336e-08,3.80205192827248e-07,5.33994324933158e-07
1,2.51124159666232e-07,2.71541587762341e-07,4.32546735196568e-07,2.11612151773998e-07,3.66754235100504e-07,1.95377625756673e-07
1,1.02076779090145e-07,4.66876871260454e-07,2.63473988289417e-07,4.64403861115237e-07,4.20632881724588e-07,3.61937705329254e-07
1,6.08440989961813e-07,1.94209958216285e-07,3.30946775462705e-07,1.05413872010689e-06,6.51413367797850e-07,6.96968412853615e-07
1,3.47336103913619e-07,2.29490084423177e-07,3.35911445386581e-07,4.19587351243080e-07,2.74746257967151e-07,3.89441907041935e-07
1,3.79102358694826e-07,3.84691560263377e-07,5.30869702561779e-07,3.62411841169958e-07,4.46126576284386e-07,5.05643259302101e-07
1,4.44400958823941e-07,2.28071560422245e-07,1.59696540931746e-07,3.92164249128741e-07,2.94049499531116e-07,4.06421663407335e-07
1,7.44360514792467e-07,1.49970338479174e-07,3.31429757546760e-07,3.06026395287072e-07,2.95736111721403e-07,2.18827839224534e-07
1,3.37328318307364e-07,1.96426261692163e-07,4.58626822631725e-07,3.40282349949032e-07,4.20719059497874e-07,1.47509671533439e-07
1,3.33558953214537e-07,1.81261813946951e-07,6.82458668222095e-07,3.71152583884363e-07,4.21095976831382e-07,4.16373139669449e-07
1,5.65652850005954e-07,4.31374987942032e-07,5.33964643789402e-07,1.07230730825150e-07,6.33707215651317e-07,5.40313906469904e-07
1,3.82985840211607e-07,2.01768834305450e-07,3.37359465879082e-07,2.87311298227541e-07,1.91630742199849e-07,1.49153164717944e-07
1,7.78806388979515e-07,1.84845032955177e-07,5.93720349887575e-07,4.22920870605459e-07,4.58351208733534e-07,4.60057587739251e-07
1,5.24807783813324e-07,1.80211975456966e-07,3.76598722683304e-07,1.70942078139917e-07,1.32434544146915e-07,2.74000077009091e-07
1,7.68563475663739e-07,2.80359259361239e-07,5.45640135453370e-07,6.15649155019659e-07,5.34316415009712e-07,3.76556829878388e-07
1,4.40550907385238e-07,1.03046216914478e-07,4.80025939022235e-07,3.84359826790375e-07,6.91121530904498e-07,2.34992661156403e-07
1,1.04843727238287e-07,4.23763121607607e-07,4.63770789075015e-07,3.91466725906415e-07,5.83910543558051e-07,2.79392105697189e-07
1,5.98472433369506e-07,6.52754067235126e-07,2.50458225934391e-07,2.24854656984777e-07,5.35076579868814e-07,9.51250730517822e-07
1,8.00841353972603e-07,3.96158061961536e-07,6.28804797604680e-07,3.88681736693242e-07,6.24628544904902e-07,4.64925557074536e-07
1,8.58658736536110e-07,7.38342398679351e-07,7.79158112077501e-07,6.56987504317763e-07,6.53474290248154e-07,8.38541352930358e-07
1,4.51977952360273e-07,4.42049428007914e-07,5.48233843739903e-07,4.91062387263973e-07,1.08964577905301e-06,1.20217585294353e-06
1,1.95311987335407e-07,8.53339869773594e-08,3.95795213934371e-08,1.12066692864203e-07,8.27880026523633e-07,5.47234540354561e-07
1,5.27828457781925e-07,2.85117662179537e-07,3.89718492107187e-07,5.49582735140326e-07,7.46991322820758e-07,3.91317565913876e-07
1,3.03874342683844e-07,4.31880007974912e-07,3.32404114837063e-07,9.73590854089843e-07,2.94108136822376e-07,3.40512157197002e-07
1,1.32348967132200e-06,4.47961687061641e-07,8.17886158886322e-07,3.09514645785701e-07,3.17533046604597e-07,1.17804684075849e-06
1,6.56926191702867e-07,4.27756138597517e-07,5.19658230825000e-07,1.64140167411644e-07,2.72750329739098e-07,1.13111970454400e-07
1,8.54911519444480e-07,3.83471218879027e-07,1.62707667947687e-07,1.37336611547442e-07,6.29814693783598e-07,3.09639217027404e-07
1,7.75046509215058e-07,2.05816983385830e-07,2.09278517057371e-07,1.50348738303801e-07,1.95672846948192e-07,3.06950448588570e-07
1,6.39316427604331e-07,2.60309061089478e-07,6.36324181195978e-07,5.41836973892775e-07,3.91996099540068e-07,3.45182475935490e-07
1,5.39436578059809e-07,2.47893211570554e-07,4.09998608955549e-07,4.20577840586104e-08,1.97111470013360e-07,9.79167379338512e-08
1,6.62328246404057e-07,1.27272331038338e-07,3.50188354558635e-07,1.12801533868949e-07,3.73188355746592e-07,2.01418243053083e-07
1,4.82497186959475e-07,1.64019898821932e-07,1.67642218903862e-07,1.45653162909675e-07,1.47831559131520e-07,2.03934206403321e-07
1,5.07701384986444e-07,1.53230557837173e-07,3.24381772598035e-07,1.59403595140540e-07,2.75479528992621e-07,1.35326292673665e-07
1,7.09987429885130e-07,2.82961309243022e-07,5.85673980829727e-07,2.81562117536980e-07,4.80636012270727e-07,6.10255598900369e-07
1,3.36601993903898e-07,4.99916246569134e-07,1.09451811875070e-06,6.01517237904924e-07,7.56064867749480e-07,6.85345528848186e-07
1,9.00073530240049e-07,4.33910356506578e-07,5.43531684386766e-07,5.63330527632046e-07,4.62853638341775e-07,5.42751396017634e-07
1,4.92689313875262e-07,3.56703366940156e-07,4.22083561183299e-07,4.15837542292649e-07,4.60910367370518e-07,4.16806857102098e-07
1,6.69233633786910e-07,5.03109420609457e-07,3.99805904601486e-07,2.68687362139835e-07,1.01129137831279e-06,8.86481959102949e-07
1,6.58267327447849e-07,2.00454604558095e-07,1.27636096507057e-07,1.31540927698633e-07,2.47638055390176e-07,1.09523072789131e-07
1,4.53276487146463e-07,1.38589119992801e-07,5.26058151151511e-07,5.50106411637623e-08,2.82545012830688e-07,3.90741504702196e-07
1,1.12109371146716e-06,9.27680291931820e-07,1.07929875305345e-06,7.46838298214754e-07,7.10979919346584e-07,1.18623136628567e-06
1,7.63107521880086e-07,6.51816179183937e-07,6.33084968989880e-07,3.31267464288058e-07,3.87830387839640e-07,5.60471303585488e-07
1,9.35487892791729e-07,1.66036609532494e-07,3.83987130097670e-07,1.95603820111299e-07,9.01359209942050e-08,1.78338842243995e-07
1,7.31448549865193e-07,4.22079227391386e-07,6.07973559162850e-07,2.83889827661822e-07,3.64760743520020e-07,5.97223361528622e-07
1,3.73946809600658e-07,3.03237773667600e-07,2.41122232830430e-07,1.85010927684843e-07,1.69413104212353e-07,7.92653759372944e-08
1,4.80897828661118e-07,1.56274499124681e-07,1.16386060463958e-07,1.05715173560662e-07,1.43370094306830e-07,2.66918434189841e-07
1,5.64992404874884e-07,1.24059902891899e-07,4.69657946142075e-07,1.81957766175863e-07,4.19953000430510e-07,3.49923066829702e-07
1,6.24166005967613e-07,3.11897251901997e-07,3.28290410445853e-07,7.79752614886401e-07,3.34690976823792e-07,2.72636313752807e-07
1,7.53473681378707e-07,5.01593546483835e-07,1.83180752164727e-07,2.01213005205571e-07,8.62252973275074e-08,9.47432023317281e-08
1,3.14827789688729e-07,1.55074122810174e-07,4.43639692810645e-07,2.86169270792184e-07,4.04700629347228e-07,3.68703392373586e-07
1,1.19223750184874e-06,7.82211440490535e-07,8.16658019249189e-07,5.37407956803413e-07,3.93610860605975e-07,7.90757508228390e-07
1,5.75214097771687e-07,2.70193194488070e-07,2.60471998359783e-07,1.98516189169709e-07,3.78666321215045e-07,3.38689126273418e-07
1,4.97681255232426e-07,7.96994192822782e-07,9.85150062610962e-07,4.84902872854996e-07,5.40441151517200e-07,2.36561695700703e-07
1,1.99183068301098e-07,3.19202155052042e-07,4.49680221017914e-07,3.56716397590827e-07,5.54769014731465e-07,4.05149146527733e-07
1,1.55670009936308e-07,2.69846374227302e-07,4.17503442486929e-07,3.98238611344808e-07,5.84858863562416e-07,5.04017062297893e-07
1,6.20373854279494e-07,3.85145687701984e-07,1.92526554704163e-07,1.44988214191564e-07,1.62344821741757e-07,3.21846961413980e-07
1,2.35348796679167e-07,1.77409316585906e-07,9.03831496661264e-07,8.21392250701484e-07,6.99932421621214e-07,4.23391944332413e-07
1,4.59245429469156e-07,4.07409049594793e-07,1.10999543380522e-06,9.80704244853075e-07,3.98188618567514e-07,3.44149777184003e-07
1,3.06238577886052e-07,2.87151087551505e-07,3.56479789837814e-07,3.20191833670710e-07,4.15003685468678e-07,3.97517660222303e-07
1,8.47928967799100e-07,5.31082045776963e-07,2.89082103797691e-07,7.06419683039517e-08,1.69136191341664e-07,2.70993568035883e-07
1,5.99702088068800e-07,4.01938720897733e-07,4.96634493271942e-07,1.20083997701815e-07,4.61466412724841e-07,1.67663803697526e-07
1,7.62821271319010e-07,5.71041688830208e-07,2.43102686339749e-07,6.06521459061084e-07,6.79414469352665e-07,7.51425629225157e-07
1,4.08942716704286e-07,2.28766195337603e-07,4.14856372996612e-07,2.66735590564681e-07,4.02285795783773e-07,4.03206525366957e-07
1,6.83480573653568e-07,2.99616714776033e-07,4.08589686136222e-07,2.18999745645381e-07,1.53281249681125e-07,3.43753378196849e-07
1,6.82671086757542e-07,3.75722509107119e-07,3.01113134603291e-07,2.24512017369145e-07,4.36028770869177e-07,1.07012878625077e-07
1,4.22415732218968e-07,3.65747042028795e-07,3.12040148576871e-07,1.28656636140590e-07,1.34605377152904e-07,2.47275526535218e-07
1,4.85685263455500e-07,3.20360236328474e-07,2.63731837252494e-07,1.73066392687443e-07,1.41549571145157e-07,1.79717156262523e-07
1,2.50477736669124e-07,2.25780183550729e-07,7.57476680488066e-07,5.62231073463784e-07,7.91887107787221e-07,1.37841551198039e-06
1,4.41896302602714e-07,2.65986967779522e-07,5.72485848503965e-07,2.51817960512692e-07,6.38879987427406e-07,6.57451492385856e-07
1,5.24481149342156e-07,3.53412226073540e-07,3.08229295404161e-07,2.00962909998881e-07,8.17973901848530e-07,1.24623811387960e-06
1,3.15858164150405e-07,2.48684965887803e-07,7.76127167510998e-07,4.69925735113542e-07,7.39239257711092e-07,1.22116648833859e-06
1,4.53172359087380e-07,2.77417462266493e-07,2.58297603701338e-07,2.28158715712502e-07,4.23542001048963e-07,7.92328138002690e-07
1,1.92188446765469e-07,2.81377211244177e-07,5.94070730361950e-07,4.08750669607414e-07,5.41291201130483e-07,5.02680596885283e-07
1,1.07828959064336e-06,3.77618546877699e-07,1.94903776888086e-07,5.29699855866866e-07,3.53651855557408e-07,6.11002246272221e-07
1,4.99812270781763e-07,1.27479039607898e-07,3.76420465571827e-07,2.49867410078357e-07,4.03151047174802e-07,8.86230015117546e-07
1,4.82800989231599e-07,3.74626610044935e-07,3.42296974864281e-07,4.18134418203659e-07,1.99183684792330e-07,2.70136942584354e-07
1,4.70513210444930e-07,2.31304675361381e-07,1.70998138803873e-07,3.36460819534536e-07,6.94207326263996e-07,1.04487385791981e-06
1,3.96897041227554e-07,2.88561002324605e-07,3.92582617292152e-07,3.34076037785323e-07,8.41749423805378e-08,1.73453617214290e-07
1,5.59980331671866e-07,3.19073949889421e-07,1.67806761804514e-07,2.85150150218414e-07,1.10748098726132e-07,2.22959149079262e-07
1,7.93764017780582e-07,2.55546116634253e-07,2.37033851542641e-07,3.20875280437905e-07,4.23746887176105e-07,9.79796001363173e-08
1,1.49061850885212e-07,1.30333147780314e-07,4.86344107225214e-07,4.69553455774233e-07,7.50253253665346e-07,6.13043456852733e-07
1,6.98285608591583e-07,1.28703093291243e-07,1.37226967436367e-07,1.47868359429271e-07,2.80772334818190e-07,2.75357327458272e-07
1,4.34381467454234e-07,2.14176786285043e-07,4.38124138588253e-07,1.22279754078935e-07,5.63858026944344e-07,7.67009867799878e-07
1,6.00712771231431e-07,1.32773006243079e-07,2.60137631089169e-07,3.15655081997990e-07,2.75163175225477e-07,5.34386666012423e-07
1,4.11879732210273e-07,1.31828225562032e-07,6.40187464119761e-07,6.07961342842177e-07,3.22643492401143e-07,8.69757005300160e-07
1,4.79001197767145e-07,1.85390820422701e-07,2.38939102928977e-07,2.43088643788339e-07,1.43276737972091e-07,1.95712655068494e-07
1,6.06875451353808e-07,3.82314209695645e-07,2.63256677253066e-07,2.30238931399487e-07,4.03347075695303e-07,7.06017561520724e-07
1,4.41594113240534e-07,4.02894714045222e-07,9.24826540101629e-07,5.73011420926029e-07,2.84891016499573e-07,5.66632462476677e-07
1,5.73514565284845e-07,3.82364360733888e-07,3.13275349181786e-07,2.96832695143449e-07,4.42113082459998e-07,4.43106512362722e-07
1,7.05362252240440e-07,3.73521673926471e-07,4.66332063267520e-07,5.48718690357475e-07,6.03974048417541e-07,2.65764035444718e-07
1,3.78351222846319e-07,2.24099297274135e-07,4.41094484633364e-07,2.83386406680690e-07,2.38467311501762e-07,3.60006556751443e-07
1,5.44393131258228e-07,1.84382386485202e-07,3.38325595093977e-07,2.50615083937467e-07,6.50160668280307e-07,8.18809282429087e-07
1,3.40076166312928e-07,2.01918501137490e-07,3.28367144215814e-07,3.46272056120030e-07,4.35577611093779e-07,7.69938150995608e-07
1,4.09000742121729e-07,2.41066057438599e-07,4.15893930101131e-07,2.73952637501278e-07,7.68113094005663e-07,7.97748545799882e-07
1,5.30149522934368e-07,2.97708815918833e-07,2.28733940142204e-07,2.30541902000293e-07,3.58729985519604e-07,4.64217459043574e-07
1,3.96990922584147e-07,2.09509285719372e-07,3.81186945856873e-07,1.94394089544881e-07,5.71672311806430e-07,8.14757666688768e-07
1,3.33140107183627e-07,2.79292144962810e-07,5.85710192853063e-07,3.46214591734313e-07,4.76884282952536e-07,5.18245252743318e-07
1,6.71189084276284e-07,1.59999148045120e-07,3.81407140775888e-07,4.42775414781763e-07,3.79749193904409e-07,2.41468719706214e-07
1,6.92987359321360e-07,1.62758947155880e-07,3.52862020981633e-07,2.17196437968162e-07,2.01206975696558e-07,2.36746227649850e-07
1,4.03936653332587e-07,1.87448215069630e-07,5.23120095482751e-07,2.47992613978098e-07,6.46056703310576e-07,9.54245180027710e-07
1,2.98187497989965e-07,1.02243571358525e-07,5.77596566259230e-07,5.36293289332018e-07,4.29150620402741e-07,2.71116299276997e-07
1,5.79348532449891e-07,3.64810494436352e-07,3.17467944261466e-07,2.06072026672537e-07,3.60153812054483e-07,1.91770417808380e-07
1,5.16529576079190e-07,1.88810738456849e-07,5.53345179290861e-07,1.30111892661635e-07,4.15039897181588e-07,4.97617597569889e-07
1,4.95557801189011e-07,3.53807765243061e-07,4.61631982108342e-07,2.22898916467602e-07,3.91796226954908e-07,3.70593721105216e-07
1,2.79200591931627e-07,2.82937636558945e-07,2.55049192915059e-07,1.12114222995392e-07,2.07611157719751e-07,4.04615837819994e-07
1,4.96928448402195e-07,1.83438471818663e-07,4.50384882195419e-07,2.83113461530245e-07,4.56741722779597e-07,6.32345352887592e-07
1,6.53379499040053e-07,3.77624389742223e-07,2.15717677111354e-07,2.63261499677145e-07,2.64455653521003e-07,2.98650206647091e-07
1,4.47343146008431e-07,2.85358827656297e-07,6.32115709156668e-07,5.89620566782836e-07,6.13661098314864e-07,4.77663495894307e-07
1,2.12094921690118e-07,2.62160566082937e-07,5.37799905323668e-07,3.71017983015306e-07,5.84371887433205e-07,6.21315082412284e-07
1,8.58614051904766e-07,4.29296443449047e-07,1.61893317873468e-07,2.37209357495321e-07,1.98778089426505e-07,2.00276547038369e-07
1,3.60170278784917e-07,2.41452811727051e-07,6.47755355009641e-07,3.33867182531899e-07,9.94542223647355e-07,9.38273586916313e-07
1,4.81954596059573e-07,3.60605120050729e-07,2.10426527520300e-07,2.46802352343783e-07,3.88411849109516e-07,1.58469307005021e-07
1,4.08235180364757e-07,1.21443808756759e-07,5.15863490182369e-07,1.32898469342087e-06,9.54744029851547e-07,2.19269017834899e-07
1,7.52746171966255e-07,4.46292581885250e-07,2.76401282113472e-07,3.20113033632879e-07,4.15905926616231e-07,3.31295707940450e-07
1,6.63089638856017e-07,2.14214064409151e-07,1.65883551291199e-07,1.62557941187990e-07,3.36782698701630e-07,4.39904146627051e-07
1,3.74451697540953e-07,2.90303037565147e-07,5.13795239074070e-07,2.33442349625378e-07,3.35786815279708e-07,2.18149444449433e-07
1,4.71901980243493e-07,1.66705030811077e-07,2.38623401172556e-07,1.53607576552792e-07,2.18757742742212e-07,1.59614169467470e-07
1,6.30550174857555e-07,4.54359549540036e-07,8.39384924852483e-07,7.07942136337586e-07,1.09975983572741e-06,1.10662001382674e-06
1,8.57291975550014e-07,4.99572887010889e-07,9.52928134824685e-07,7.82354034906677e-07,7.79711314996676e-07,1.08333886278885e-06
1,7.54276050582674e-07,2.78760774939630e-07,3.14119498163714e-07,4.39261477476607e-07,2.91061130046540e-07,4.52743384188156e-07
1,3.11379525507610e-07,2.91629066062974e-07,1.05676933245750e-07,3.42441376051795e-08,1.79418728151255e-07,3.42481329393264e-07
1,5.77629041905640e-07,1.44583977127441e-07,2.93231066624470e-07,1.22307593680569e-07,2.93356269634922e-07,4.55331834236369e-07
1,7.69847552492600e-07,9.21599227113766e-07,1.48908100205019e-06,9.08350835655830e-07,9.04469148758083e-07,1.10026916764576e-06
1,5.22235850480306e-07,2.18679073328863e-07,3.95097533904493e-07,3.60459068076029e-07,3.88474033932807e-07,1.97958955200413e-07
1,3.81022404395755e-07,3.14238206982483e-07,1.11636478843666e-06,8.63412580174657e-07,1.85727129527337e-06,9.81680097722638e-07
1,5.88951170904387e-07,3.07594433036376e-07,9.07749968169126e-07,4.51262004087631e-07,5.70165837905340e-06,9.44046021473803e-07
1,5.43352413371038e-07,2.90244658197148e-07,5.78678683338067e-07,1.87684136554803e-07,6.66084678052520e-07,4.16610714892506e-07
1,3.18276133911765e-07,1.12013352625497e-07,7.60320867201301e-07,7.28678042383300e-07,1.01802276451722e-06,3.95760803192666e-07
1,5.99405262051156e-07,4.11702248342184e-07,4.10169355873414e-07,4.73606689473034e-07,6.45316504628077e-07,7.09725701364761e-07
1,4.04941349748675e-07,2.87534301332331e-07,4.61625897586446e-07,3.11217657276769e-07,4.14665467186461e-07,2.01239230323431e-07
1,1.55341191623258e-07,8.23006387265206e-08,3.71688421783537e-07,3.90578742436469e-07,5.59714386747144e-07,2.32972861711481e-07
1,7.24180128745851e-07,4.04238967697006e-07,2.60497674006281e-07,9.84805752895840e-08,1.50898145768182e-07,2.21441444904358e-07
1,5.61807014667103e-07,3.38126072700549e-07,3.07703565231808e-07,3.28451211486373e-07,1.85870719418258e-07,3.79247611934887e-07
1,6.75090817190264e-07,3.21638704540026e-07,1.00045239779391e-06,6.54953953714698e-07,1.16945075174297e-06,7.11260690861907e-07
1,3.92981577362840e-07,1.33156145799682e-07,4.09265719077404e-07,4.14515182090069e-07,5.25533291401687e-07,1.04549715789668e-06
1,5.77838402468467e-07,1.34612841852316e-07,4.39480430566227e-07,4.05619043425360e-07,2.42700725229729e-07,3.48838679865259e-07
1,3.71758254192652e-07,1.72038262367294e-07,6.65883232465050e-07,2.25055802077515e-07,1.77248938045097e-07,6.74406026387182e-07
1,2.86541608906819e-07,3.20478553110598e-07,3.86551158112143e-07,3.63707328590964e-07,5.14213124103772e-07,3.41446979805224e-07
1,3.79054422530365e-07,2.43774968622982e-07,8.59129116384726e-07,3.03089277114036e-07,7.82289858107453e-07,8.21327531817481e-07
1,3.18557778740123e-07,3.10634031841381e-07,6.75091934227549e-07,4.40649292004841e-07,3.05659483496154e-07,6.88338316499530e-07
1,4.58871957553761e-07,1.44428791357852e-07,1.68689189102106e-07,2.34841759391356e-07,8.80260070272575e-08,4.34142234173177e-07
1,1.49495080543775e-07,2.08066937873238e-07,5.09919644047610e-07,4.21920953802519e-07,6.37500663662384e-07,3.17177431216869e-07
1,5.46300656439972e-07,1.61013077029367e-07,3.30697716855300e-07,2.51879753687343e-07,5.56432445398513e-07,2.87228715278324e-07
1,3.14826452942833e-07,1.34666186690004e-07,4.35486778124673e-07,5.25474399466833e-07,3.37671627579846e-07,2.93191662459578e-07
1,3.00036846678792e-07,3.97733449127455e-07,6.75889612938898e-07,4.77933361362819e-07,3.39891369203306e-07,3.36240729857382e-07
1,6.23643219213547e-07,2.52359953391125e-07,6.06474671445442e-07,3.93022040604227e-07,4.76551989020818e-07,3.77565773507953e-07
1,1.61295220187328e-07,2.15114970255113e-07,3.83533746632926e-07,4.55250751302329e-07,4.74200389848085e-07,5.16354974188584e-07
1,4.32137873965081e-07,1.76553311706643e-07,4.45289712525591e-07,4.31136844457282e-07,5.87866910936190e-07,2.12271692523109e-07
1,6.41939599256129e-07,1.83603338702632e-07,2.89629216938314e-07,1.80551138639774e-07,3.54452667882569e-07,1.46307465927453e-07
1,8.78433682282789e-07,2.14477615386634e-07,6.30434897664153e-07,6.83636480391970e-07,4.94766247883728e-07,2.86959656772243e-07
1,5.78339350515478e-07,1.36891845868839e-07,3.54827430284899e-07,2.22616696147576e-07,3.26586557110080e-07,3.91780724944150e-07
1,6.50528627014470e-07,2.20734760205927e-07,6.04539924920190e-07,3.79036489701852e-07,5.02197741474623e-07,3.17541298563393e-07
1,7.54727415842154e-07,4.51271389222200e-07,7.04962669213867e-07,6.18649260975548e-07,4.43347254580676e-07,3.46361630226228e-07
1,4.91747172821984e-07,2.92925886098751e-07,7.39847580321559e-07,6.25537007825065e-07,4.70710133610474e-07,4.83418591197116e-07
1,5.69687585717624e-07,1.36087246106077e-07,4.83648213397866e-07,2.49160203002615e-07,8.62852951554470e-07,4.78387315390183e-07
1,2.57294405706954e-07,1.92065668941921e-07,1.02733632231159e-06,4.59929014670782e-07,1.02473567440970e-06,8.10512903187685e-07
1,3.75454153896816e-07,3.21775051866063e-07,1.22396184624975e-06,5.14105564878306e-07,1.10337813937450e-06,1.02866322114182e-06
1,4.03660626545476e-07,1.03479060157915e-07,3.31144070530203e-07,3.92445572745373e-07,2.89827612421028e-07,2.42311611513554e-07
1,2.25249919936220e-07,6.47369699808882e-08,9.86229083449734e-07,6.75429095193641e-07,6.98480335988773e-07,6.10132227888242e-07
1,7.11933178122555e-07,8.23641414748670e-08,4.87279124466854e-07,8.60869442253628e-08,7.08726320777558e-08,3.59330008835300e-07
1,6.69562312131004e-07,1.60505631013689e-07,8.85941194854945e-08,1.77158521861177e-07,4.53598223964231e-07,1.73947039251102e-07
1,3.89796545609014e-07,3.13237092162771e-07,8.49618977758871e-07,4.67215571105362e-07,9.11755918815647e-07,7.65695689807440e-07
1,5.37447880412186e-07,2.55023969732196e-07,1.00367338572023e-07,8.54928006127774e-08,5.57159844011372e-07,3.89158809739636e-07
1,3.16671844833876e-07,3.03611082956162e-07,1.07120217141659e-07,8.72791555136263e-08,4.44187635541301e-07,4.54971229512604e-07
1,7.10015763326683e-07,1.26990930121918e-07,6.97186440414097e-07,4.69970922166696e-07,1.27676056858065e-06,6.49622033329191e-07
1,2.24822631826899e-07,1.46241232920949e-07,2.22643008051241e-07,1.85330980028908e-07,5.37267744236175e-07,3.14511190751808e-07
1,4.70001770992032e-07,2.70299534051065e-07,2.78191040321628e-07,1.98680391736865e-07,5.11644657057710e-07,2.71164345215904e-07
1,2.92834950190325e-07,2.00321220817570e-07,4.61702607820924e-07,5.02331231892249e-07,8.27113827734048e-07,5.48642729933909e-07
1,3.47578834916390e-07,4.34174249423740e-07,1.89767154249338e-07,3.59210173370125e-07,3.84119932589064e-08,2.75067862932450e-07
1,2.70742836237380e-07,1.32655385173847e-07,3.53672136084505e-07,1.71265645364234e-07,4.22841288036999e-07,2.30776153471144e-07
1,5.35965182907957e-07,1.48400999897951e-07,2.64611157767536e-07,1.47820388638630e-07,3.40705684044099e-07,1.11153570994013e-07
1,6.51714977665810e-07,2.58680341623943e-07,1.69410701212721e-07,2.14992881122448e-07,1.19051459663271e-07,3.31139363956034e-07
1,9.11880828821088e-07,2.81628687589160e-07,4.31412083214767e-07,2.30377757565046e-07,4.66548554990550e-07,1.94247728977656e-07
1,4.46317384362918e-07,2.39059351501880e-07,5.68253234964669e-07,5.05158889399658e-07,6.82832341746137e-07,5.23429381483406e-07
1,4.56648545290306e-07,3.26412147075966e-07,4.85555257637588e-07,1.51821232750294e-07,2.73259607684992e-07,4.37449096352246e-07
1,5.03219559469431e-07,1.38803014362682e-07,8.26409859272805e-07,2.46370511259533e-07,4.49075235346152e-07,2.05551591813437e-07
1,4.92661117908304e-07,2.01705446270286e-07,2.97101149145420e-07,2.09823576130211e-07,2.12106858325394e-07,2.63706079739010e-07
1,8.43273404565584e-07,6.73648448003824e-07,1.13784215075247e-06,6.47530808339553e-07,7.31509387339828e-07,9.20841101835428e-07
1,6.04937512410955e-07,3.62750327815359e-07,2.88163801424460e-07,7.36304175329297e-08,9.37598456761373e-08,1.02200590610721e-07
1,4.03103987886805e-07,3.77961118174076e-07,4.55456107590542e-07,9.29872135126058e-07,3.67237629147167e-07,5.02157387846479e-07
1,6.96996179517917e-07,3.68833794282096e-07,2.27973801867603e-07,2.28112146783965e-07,3.04309800063456e-07,8.48055810326559e-08
1,6.90105201554793e-07,2.71348648879868e-07,7.47272531939231e-07,4.04213587794806e-07,1.97347284244064e-07,4.47081534534594e-07
1,3.72419461451840e-07,2.50912908454486e-07,8.90942334484032e-07,3.68706632532757e-07,7.26829183411951e-07,4.59507758297889e-07
1,5.07865139489586e-07,3.94456780148350e-07,1.16144630839119e-06,7.44689236418142e-07,5.30068918742046e-07,3.28958687264766e-07
1,7.25943655802444e-07,4.01465903501904e-07,5.90557131863282e-07,2.99041066117901e-07,7.91540024984053e-07,4.99515450495152e-07
1,5.20879569963943e-07,1.96872510009410e-07,6.32177311574975e-07,2.02461286956130e-07,5.44990533064904e-07,8.50990374106581e-07
1,7.08546638040720e-07,2.46482052817218e-07,3.12366479991159e-07,3.29474566510381e-07,5.09215697326151e-07,5.43333315017366e-07
1,4.95808532541371e-07,4.78047749606547e-07,1.05370973044816e-06,4.45536521820116e-07,6.72791207367931e-07,6.56854226225956e-07
1,5.38503868862713e-07,3.59124850635750e-07,7.48882680050317e-07,1.96829770907963e-07,7.83189688709246e-07,1.13177699151076e-06
1,1.63709194622096e-07,2.23562176867110e-07,6.31183415247346e-07,1.45224651179238e-07,3.60794861798175e-07,4.86838529087133e-07
1,4.88225926702765e-07,2.66692171530344e-07,5.79854285903437e-07,3.80123474058739e-07,7.10319202879409e-07,1.00685236888973e-06
1,5.73339396293279e-07,2.38000249723890e-07,9.96701647396024e-07,2.21585988966914e-07,7.77549436873604e-07,1.18429770370207e-06
1,7.77750648915302e-07,1.60678110214459e-07,4.82643932173185e-07,2.57853329990410e-07,1.34824406457799e-07,2.58174958255742e-07
1,4.98621465979157e-07,3.20460100122777e-07,3.34025031732119e-07,1.83147997371486e-07,5.81976644459623e-07,1.02902541795012e-07
1,5.17490596610561e-07,2.91546433798577e-07,6.33032265268801e-07,3.73610620955353e-07,9.08101807506318e-07,7.81325916704590e-07
1,4.11660984909386e-07,2.12859279092978e-07,7.07932396589720e-07,5.24909807722303e-07,4.28794709980076e-07,7.81874320039111e-07
1,6.35379544523544e-07,3.94209187169668e-07,9.35118249049987e-07,4.31745300542907e-07,6.20759719367290e-07,2.11602374117001e-06
1,6.73084773547087e-07,4.20656621386937e-07,2.09055191218596e-07,8.64361864164194e-08,2.21296492436875e-07,4.85346349743914e-07
1,3.39676417448706e-07,2.94644182079678e-07,5.58730987038298e-07,7.42692439413233e-07,3.85040017814276e-07,5.67516817151197e-07
1,2.71645534736923e-07,1.62620268469303e-07,3.29293256483067e-07,3.08241929785867e-07,7.04875024038077e-07,7.12334082688939e-07
1,9.03608118882166e-07,5.11781289470404e-07,6.06439017874864e-07,4.11354319505895e-07,6.12915895148357e-07,5.06777171654619e-07
1,5.46192058701896e-07,3.62540815126981e-07,3.38669099782168e-07,1.11372764820116e-07,4.74499470418522e-07,4.19962222979999e-07
1,3.57564639476748e-07,2.51289986892023e-07,8.84711907484086e-07,6.96361891450523e-07,6.62974861392112e-07,3.89095204123791e-07
1,8.72388416560257e-07,3.61766715237847e-07,1.25861432921262e-06,9.69593911684170e-07,1.19949552620043e-06,1.35997089817906e-06
1,8.87491137731903e-07,7.26812461876093e-07,5.58940246385049e-07,1.91492388165479e-07,5.64533068242875e-07,3.17525844302424e-07
1,6.72822059602183e-07,4.95619557327152e-07,6.59208547837589e-07,5.30041987379975e-07,8.66467613015323e-07,6.35618667045875e-07
1,7.78213357699192e-07,4.14571859715402e-07,4.37567746206502e-07,1.30117231247276e-07,2.70503517230564e-07,3.65144253329049e-07
1,6.06881665288266e-07,4.43325000706631e-07,8.66508852315985e-07,4.24279422053730e-07,1.33407040622467e-06,6.83058039332386e-07
1,6.93633895748024e-07,3.28836834872167e-07,1.34550073907645e-06,7.08491594375155e-07,9.32064410957226e-07,1.17385633356358e-06
1,5.68902348291209e-07,6.66909079371328e-07,1.59925790205656e-07,1.34439939311506e-07,1.45893608376677e-07,6.54909977768355e-07
1,7.86931471415131e-07,4.06306095752054e-07,1.03242803676543e-06,7.32538687470275e-07,7.52821963085727e-07,6.12459129911428e-07
1,2.65079623206847e-07,1.96031486678359e-07,3.83363579696977e-07,4.49582154105716e-07,2.20470023790877e-07,4.05912431423180e-07
1,4.90222903440894e-07,3.20315075992999e-07,4.89413507339429e-07,2.24629990655101e-07,1.93572141532143e-07,2.94811744527896e-07
1,4.43954398148335e-07,2.37491591843631e-07,1.02071845933546e-06,5.02669452707349e-07,6.02501234861676e-07,5.13085270112106e-07
1,3.22850018370814e-07,5.68890066847961e-07,5.18126067546226e-07,1.61157311683975e-07,3.09447611437922e-07,4.45930571469966e-07
1,7.86123933191902e-07,3.57357969392933e-07,4.71078641981773e-07,2.01988188155143e-07,2.45766937273368e-07,5.41377096299616e-07
1,4.17612293955910e-07,1.52700782119864e-07,4.10149750986617e-07,8.00647909741793e-08,4.09507453610489e-07,5.94564011071923e-07
1,4.98529711032845e-07,3.11624022116787e-07,3.25237956347844e-07,2.01697893857192e-07,6.73348710517652e-07,3.83328127353220e-07
1,6.94046780714092e-07,2.61849128531190e-07,8.56435977449052e-07,5.70971582204084e-07,5.59010480789928e-07,4.90969486684157e-07
1,4.91064461232629e-07,2.42050396041342e-07,5.32536786709223e-07,7.64005263360792e-08,6.25245858654684e-07,6.15679332271351e-07
1,3.59332883977257e-07,3.50037089129020e-07,6.80897979724858e-07,3.02888860119238e-07,4.65682586235417e-07,3.88222522631944e-07
1,7.41438958647875e-07,4.58019701123807e-07,6.66093450588289e-07,3.12155706516828e-07,8.44722992691357e-07,9.97911958232760e-07
1,8.81675296579334e-07,4.84737977093253e-07,6.58625212087354e-07,4.16915665811627e-07,5.72657387526499e-07,3.55777737124370e-07
1,5.80424220620569e-07,3.24313544534964e-07,8.36235325186592e-07,2.95382788246044e-07,4.15956078790968e-07,4.81806366799416e-07
1,8.01415792448838e-07,2.18837453776837e-07,3.02512798043010e-07,2.17301604883638e-07,1.89431841156147e-07,4.72427720365613e-07
1,4.38595662346263e-07,1.83286577708258e-07,3.69370536811724e-07,1.96564708480439e-07,3.49800761110053e-07,6.41006481918576e-07
1,7.71149052699423e-07,3.61982386461973e-07,9.58039810036838e-07,7.40255795473733e-07,5.69951730595491e-07,4.66921812889807e-07
1,3.00224165537558e-07,2.65677899288062e-07,4.84551618289043e-07,5.72922318212541e-07,5.71119553033707e-07,5.52750523336748e-07
1,1.25022296143545e-06,6.18713528070847e-07,9.66368431290257e-07,4.63620157792666e-07,5.48803356500005e-08,6.76237365736485e-07
1,5.39752081311617e-07,4.28261894109101e-07,6.00257583915378e-07,5.66962799098426e-07,6.19180404226646e-07,7.33776076786663e-07
1,8.85984618536822e-07,3.48563806931236e-07,3.71411102153007e-07,2.74746620291082e-07,4.12836083543374e-07,5.27566572977320e-07
1,4.54245389334463e-07,2.03829807752557e-07,4.22645208694709e-07,1.86668624731056e-07,5.36838789495391e-07,4.38572377923015e-07
1,1.20201904253301e-06,9.00120260796689e-07,1.24076997103825e-06,7.97395591103138e-07,4.97784899277277e-07,1.04924043387339e-06
1,4.99462336701325e-07,1.42324242582907e-07,7.69118717205493e-07,2.60662025920128e-07,5.39670353838128e-07,5.67037435420716e-07
1,6.39582905484346e-07,6.70417792862456e-07,4.79046875961005e-07,9.02192446955594e-08,6.18032980431770e-07,9.36677603636996e-07
1,7.48575048403940e-07,3.40769150877502e-07,7.35065480839968e-07,6.66932601122029e-07,5.73569472448003e-07,4.83423309309263e-07
1,8.09588834045284e-07,5.07439489434229e-07,6.88576665984911e-07,3.07071941082911e-07,1.82484054715133e-07,3.96111754716022e-07
1,6.62259158290114e-07,1.92170057412833e-07,4.52993201925907e-07,4.86080326265145e-07,3.58766594519978e-07,7.69467629295010e-07
1,3.47222689618754e-07,2.71634593455660e-07,6.94504932867692e-07,2.26948429474966e-07,2.72822218330624e-07,7.07179108678407e-07
1,5.32078900916918e-07,4.26116784741870e-07,6.22840360760737e-07,2.67634566102489e-07,3.74946571990301e-07,4.29731223426272e-07
1,8.39937177921150e-07,3.81383802204592e-07,7.03739104351127e-07,1.39165661444934e-07,8.16317955884580e-07,1.25659554169263e-06
1,5.45110169562479e-07,2.82487633940038e-07,5.05930180153606e-07,1.18827267018903e-07,3.71066215344328e-07,3.99877407626749e-07
1,2.85976477296652e-07,5.13084930213875e-07,5.02939782802793e-07,2.77781051396135e-07,1.04069408229348e-06,8.59112749393495e-07
1,6.48095406247947e-07,4.17041241769107e-07,4.04093434763148e-07,3.25199309444117e-07,5.66737553956347e-07,4.29289877851951e-07
1,3.17381827802260e-07,2.21004326434477e-07,2.02623526406580e-07,1.69126784613084e-07,1.88735268991405e-07,2.10624317452381e-07
1,9.43814889330395e-07,5.26147848840143e-07,5.57503241645160e-07,3.95442278498416e-07,2.06980871441905e-07,5.63335150223393e-07
1,6.92507788697576e-07,2.60136576351544e-07,1.98713255346036e-07,4.58612307872450e-07,2.78947587920455e-07,4.62185974096444e-07
1,7.09901836028359e-07,6.46647788922012e-07,1.27548401581926e-06,9.71423436746504e-07,1.68592742491074e-06,1.24122464093995e-06
1,5.32106110907276e-07,4.44968948373495e-07,3.33094703795052e-07,2.29334859863675e-07,3.33503167115040e-07,5.62458657624684e-07
1,7.41552745491327e-07,4.65741672406540e-07,8.30570618015353e-07,3.70402110871963e-07,3.90229057358088e-07,5.58463804292264e-07
1,3.97294364989723e-07,3.01533035578209e-07,7.35353719310159e-07,2.53357280177170e-07,1.34695291907360e-07,2.70571275772893e-07
1,5.02380854492546e-07,1.63869757173475e-07,3.67129693830798e-07,5.05484681632316e-07,7.10834006544467e-07,8.28552722702295e-07
1,7.14865883635917e-07,6.35721655507377e-07,7.26830526866576e-07,8.86122566166964e-07,4.96756940198600e-07,5.16121178838275e-07
1,7.15852457057853e-07,4.91770004175906e-07,7.10745426732203e-07,6.78732948821152e-07,3.07410630118744e-07,3.40007577388783e-07
1,4.58186460965508e-07,1.46293128697140e-07,7.52188086962746e-07,3.53007796876767e-07,1.00248147113356e-06,7.70759144858191e-07
1,4.88690161098104e-07,3.06295956294744e-07,2.99310187981461e-07,2.66551774565046e-07,3.27696094241685e-07,4.27965596811358e-07
1,8.34707953445757e-07,3.07276473179268e-07,4.04720925291468e-07,4.57255084556624e-07,3.68785849939739e-07,2.34413458833661e-07
1,7.05656163801079e-07,4.38483372551412e-07,5.09377024063364e-07,3.87768663969584e-07,4.71276571439643e-07,4.29943450659092e-07
1,7.35720301552146e-07,3.34456570741315e-07,6.00431862740316e-07,3.26470867718602e-07,5.01488671462079e-07,1.10283512833135e-07
1,2.76957688939175e-07,2.76088659069548e-07,2.57193426370668e-07,1.36945332795454e-07,5.17389808796207e-07,1.86862346179193e-07
1,4.53378215481026e-07,5.49571159108114e-07,6.66573514136177e-07,2.58606149152006e-07,4.19756234365495e-07,7.41087688618803e-07
1,2.50640257797472e-07,2.36437904600160e-07,6.29670270714514e-07,3.40868564297732e-07,4.72875793273388e-07,3.43550420522821e-07
1,8.10993823970563e-07,3.81770184794785e-07,5.93965024492320e-07,5.02677739002222e-07,3.55009764780115e-07,6.03521938391950e-07
1,4.18751386034983e-07,3.24994121618746e-07,8.35454914917644e-07,3.31528245651934e-07,3.95651216246462e-07,5.75445199330472e-07
1,4.21160678738381e-07,2.40626552607179e-07,7.72453367661079e-07,3.63055268354616e-07,2.61449612623098e-07,2.68839967365153e-07
1,4.08003826000334e-07,9.67020242974253e-08,6.99606075123781e-07,5.55332103181502e-07,8.54982124348090e-07,9.79725737403471e-07
1,9.38957797421766e-07,5.09897309396578e-07,4.45657573286725e-07,8.33606784515998e-08,3.24321682750443e-07,6.62391669474208e-07
1,4.82164007146516e-07,2.35544409639942e-07,4.87385618975252e-07,5.73494605158569e-07,7.80147394093242e-07,4.66327538630040e-07
1,8.65204865026120e-07,5.97771813243725e-07,7.55739803495547e-07,4.81832442002705e-07,4.54153957762449e-07,4.39680962076641e-07
1,6.89672641549326e-07,5.00610245254609e-07,9.08962713466778e-08,3.15168576246543e-07,1.38186353660804e-07,2.31330606463627e-07
1,4.05283332494932e-07,2.61578380320959e-07,3.05301872480740e-07,3.32169357173954e-07,4.53467682393465e-07,3.17051983823074e-07
1,8.16652976461077e-07,3.36224702847769e-07,5.92150698265857e-07,4.80969198259930e-07,5.48324750042122e-07,3.40574449085727e-07
1,7.98549382289235e-07,3.77946837704499e-07,1.80131347706929e-07,9.22284978401230e-08,2.58086301849917e-07,2.85939860443195e-07
1,4.68662692409080e-07,5.06620116156172e-07,4.75172589814443e-07,2.62062545273410e-07,3.92454810540037e-07,6.31881901219503e-07
1,5.51139113840868e-07,2.03171705592379e-07,2.96938130357372e-07,2.68862844971861e-07,2.28843429910055e-07,2.22224671019354e-07
1,4.46551759772024e-07,2.12133638551223e-07,4.49002565956808e-07,4.99249045028889e-07,3.07285982555732e-07,3.91237716063628e-07
1,5.04611543407147e-07,1.78379207790469e-07,3.98499125328551e-07,3.54331265564189e-07,1.74682964647682e-07,2.39804945727682e-07
1,7.67850009784441e-07,4.22318081603851e-07,1.67037654456082e-07,1.53603813508652e-07,7.54721015944875e-08,3.71074934110220e-07
1,8.82224514508870e-07,4.35012787711949e-07,1.96527499057739e-07,2.59201999535033e-07,3.81279530643552e-07,4.62370277164211e-07
1,5.89175843861691e-07,2.12905904869181e-07,9.84210658081805e-07,4.53935253229724e-07,3.93236428410331e-07,2.08979662830361e-07
1,4.42810707046199e-07,6.17963573384817e-07,9.35674422573761e-07,4.67880510566930e-07,5.67402418499133e-07,1.06819242204158e-06
1,6.80735093226811e-07,2.52645735171921e-07,7.77625925720581e-07,5.23306561024046e-07,3.84903799042893e-07,2.78549878011407e-07
1,4.48041418612409e-07,1.49987066830264e-07,4.07152742229010e-07,2.54360132493720e-07,2.05916439696208e-07,8.32676271836793e-07
1,2.44748269350479e-07,3.25053664816645e-07,1.26154190166924e-07,1.77130720482773e-07,1.55306337855913e-07,2.20515087442743e-07
1,3.95979665821816e-07,4.48276582781507e-07,5.00441073178425e-07,2.76126383452464e-07,1.88742290823228e-07,4.77606234089397e-07
1,1.48120578983492e-07,2.96407573993802e-07,8.90093418355315e-07,7.43525918567071e-07,1.06325055295414e-06,6.26964240701824e-07
1,1.39221497585628e-07,1.45037412745684e-07,4.32724493092654e-07,4.72925459532012e-07,4.88026927106166e-07,5.60907720597270e-07
