x1km_square,species,n_observed,genus,detected,country,longitude,latitude,habitat,land_cover,dominant_species,dominant_family,n_unique,dominant_flower_species,dominant_flower_order,n_unique_flowers,n_insects,total_insect_biomass,mean_insect_mass,broad_habitat,n_apidae,n_halictidae,n_syrphidae,annual_mean_temp,max_temp_warmest_month,min_temp_coldest_month,temp_annual_range,annual_total_prec,total_prec_wettest_month,total_prec_driest_month,n_months_at_least_15C,elevation,distance_to_coast
NC0429,Halictus tumulorum,0,Halictus,FALSE,Scotland,-5.329445975485786,58.210761750548286,H23 - Wet and dry heathland/ dry heather moorland,semi-natural,Melanogaster hirtella,Syrphidae,6,Calluna vulgaris,Ericales,17,5,56.97812520833333,11.395625041666666,heathland,0,0,6,8.159879684448242,15.942268371582031,1.3680412769317627,14.574227333068848,1595,192,73,0,78,1.5141478592154156
NC2313,Halictus tumulorum,0,Halictus,FALSE,Scotland,-4.994481270715724,58.075271591879016,H23 - Wet and dry heathland/ dry heather moorland,semi-natural,Melanogaster hirtella,Syrphidae,7,Galium saxatile,Gentianales,21,5,50.182667055555555,10.036533411111112,heathland,0,0,7,6.794854164123535,15.766249656677246,-0.8759999871253967,16.642250061035156,2016,233,100,0,309,19.855585288960423
NC5762,Halictus tumulorum,0,Halictus,FALSE,Scotland,-4.448844129519171,58.52720794892161,H23 - Wet and dry heathland/ dry heather moorland,semi-natural,Bombus jonellus,Syrphidae,10,Narthecium ossifragum,Dioscoreales,10,5,89.75217519166667,17.95043503833333,heathland,2,0,8,7.828011512756348,15.790099143981934,1.1405940055847168,14.649505615234377,1254,147,65,0,86,0.02371705268800182
NC7158,Halictus tumulorum,0,Halictus,FALSE,Scotland,-4.2063853730698115,58.49566845235885,H20 - Bracken dominated glades or hillsides,semi-natural,Lasioglossum fratellum,Halictidae,14,Calluna vulgaris,Ericales,29,22,370.48882755680785,16.840401252582176,heathland,3,3,7,7.458520889282227,15.895999908447266,0.4007500112056732,15.49524974822998,1280,146,70,0,146,6.143124662822167
NJ0327,Halictus tumulorum,0,Halictus,FALSE,Scotland,-3.6043336490409223,57.32777804707533,H27 - Mature coniferous woodland,semi-natural,Sericomyia silentis,Apidae,27,Calluna vulgaris,Ericales,20,152,6772.605273145225,44.55661363911332,woodland,15,4,15,6.451478958129883,17.114749908447266,-1.7657500505447388,18.88050079345703,1008,120,59,0,376,34.2098870668002
NJ6415,Halictus tumulorum,0,Halictus,FALSE,Scotland,-2.5896275599303795,57.228830570750745,H23 - Wet and dry heathland/ dry heather moorland,semi-natural,Bombus lucorum,Apidae,41,Calluna vulgaris,Ericales,10,460,23048.032010949828,50.10441741510832,heathland,19,3,27,7.405677318572998,17.86549949645996,-0.7459999918937683,18.611499786376953,804,85,54,0,207,32.799063212852325
NJ7638,Halictus tumulorum,0,Halictus,FALSE,Scotland,-2.39308058597149,57.43620362265199,H38 - Bare ground/weeds of arable field margins or fallow/recently abandoned arable crops (e.g. set-aside),agricultural,Episyrphus balteatus,Syrphidae,58,Ranunculus repens,Ranunculales,25,977,26386.210627372016,27.00738037602049,arable,19,6,35,7.898125171661377,18.13800048828125,-0.05674999952316284,18.19474983215332,748,75,50,0,121,27.55827668172508
NN5527,Halictus tumulorum,0,Halictus,FALSE,Scotland,-4.343987302656702,56.41752730466453,H23 - Wet and dry heathland/ dry heather moorland,semi-natural,Xylota segnis,Syrphidae,30,Galium saxatile,Gentianales,8,93,2604.6705499398204,28.00721021440667,heathland,14,0,20,6.199531078338623,15.216500282287598,-0.7950000166893005,16.011499404907227,2121,273,105,0,414,40.387779182301
NN6693,Halictus tumulorum,0,Halictus,FALSE,Scotland,-4.200166437686534,57.013252103091375,H12 - Acid bog/mire habitats,semi-natural,Sericomyia silentis,Syrphidae,24,Calluna vulgaris,Ericales,17,91,3182.7532939079274,34.975310922065134,wetland,12,2,16,5.1554789543151855,15.1274995803833,-2.288000106811523,17.41550064086914,1928,243,100,0,621,62.97817007080565
NN7911,Halictus tumulorum,0,Halictus,FALSE,Scotland,-3.947883031242187,56.28060466774053,H23 - Wet and dry heathland/ dry heather moorland,semi-natural,Bombus lucorum,Apidae,22,Potentilla erecta,Rosales,5,121,6749.090910168541,55.77761082783918,heathland,12,0,14,7.541500091552734,17.47825050354004,-0.12400000542402267,17.602251052856445,1338,167,67,0,210,22.872294815660258
NN8369,Halictus tumulorum,0,Halictus,FALSE,Scotland,-3.909362755502153,56.80237962935105,H23 - Wet and dry heathland/ dry heather moorland,semi-natural,Sericomyia silentis,Apidae,6,Galium saxatile,Gentianales,9,11,447.9829455641892,40.7257223240172,heathland,6,0,3,6.517635345458984,16.931249618530273,-1.493499994277954,18.42474937438965,1336,172,68,0,364,61.183242673293186
NN8497,Halictus tumulorum,0,Halictus,FALSE,Scotland,-3.905777352744407,57.054022372414295,H27 - Mature coniferous woodland,semi-natural,Xylota segnis,Syrphidae,26,Calluna vulgaris,Ericales,11,92,2937.5885391339534,31.930310207977755,woodland,10,1,19,6.189541816711426,16.685749053955078,-1.8702499866485596,18.555999755859375,1292,161,70,0,423,58.91434534161477
NN8664,Halictus tumulorum,0,Halictus,FALSE,Scotland,-3.858044987045609,56.75822783342829,H20 - Bracken dominated glades or hillsides,semi-natural,Bombus lucorum,Apidae,22,Potentilla erecta,Rosales,12,169,8456.407595381172,50.03791476556906,heathland,16,0,11,6.517635345458984,16.931249618530273,-1.493499994277954,18.42474937438965,1336,172,68,0,364,55.37392169404205
NO4923,Halictus tumulorum,0,Halictus,FALSE,Scotland,-2.8197943754989305,56.40102909943893,H17 - Dry semi/unimproved (flower-rich) neutral grassland,semi-natural,Bombus lucorum,Apidae,8,Erica cinerea,Ericales,15,32,1811.288670674223,56.60277095856947,grassland/herbaceous,7,0,5,8.361178398132324,18.84024429321289,0.13780488073825836,18.70244026184082,647,67,42,0,13,2.4414526697557433
NO7495,Halictus tumulorum,0,Halictus,FALSE,Scotland,-2.4219557575924457,57.049843913942894,H18 - Agriculturally improved/re-seeded/ heavily fertilised grassland,agricultural,Neoascia podagrica,Syrphidae,40,Polygonum aviculare,Caryophyllales,36,240,5660.489101849619,23.585371257706747,grassland/herbaceous,14,3,27,7.636374950408936,18.337749481201172,-0.7714999914169312,19.10924911499023,786,83,51,1,128,16.663079269611035
NS2366,Halictus tumulorum,0,Halictus,FALSE,Scotland,-4.821638629863769,55.85927516921104,H16 - Dry semi/unimproved acid grassland,semi-natural,Platycheirus albimanus,Syrphidae,31,Calluna vulgaris,Ranunculales,25,113,2398.223242790686,21.223214537970673,grassland/herbaceous,8,3,24,8.045173645019531,17.080062866210938,1.0572785139083862,16.022785186767578,1657,198,86,1,208,3.2920318710180876
NS4085,Halictus tumulorum,0,Halictus,FALSE,Scotland,-4.561580734569059,56.035739156564574,H18 - Agriculturally improved/re-seeded/ heavily fertilised grassland,agricultural,Neoascia podagrica,Syrphidae,32,Ranunculus repens,Caryophyllales,21,93,2352.895023458746,25.29994648880372,grassland/herbaceous,9,2,25,8.20994758605957,17.11025047302246,1.1894999742507937,15.920750617980955,1560,190,79,1,120,10.02094713049949
NS5873,Halictus tumulorum,0,Halictus,FALSE,Scotland,-4.266634844755599,55.93366640833841,H18 - Agriculturally improved/re-seeded/ heavily fertilised grassland,agricultural,Helophilus pendulus,Syrphidae,42,Lythrum salicaria,Rosales,18,209,8497.79477628506,40.65930514968928,grassland/herbaceous,19,2,29,8.365239143371582,18.207250595092773,0.8357499837875366,17.37150001525879,1300,154,65,1,83,19.845283839683752
NS9052,Halictus tumulorum,0,Halictus,FALSE,Scotland,-3.7462280643165338,55.75343356006475,H19 - Seasonally wet and wet marshy grasslands,semi-natural,Platycheirus granditarsus,Syrphidae,40,Ranunculus acris,Ranunculales,17,275,9510.169653103512,34.58243510219459,grassland/herbaceous,15,0,30,7.805718898773193,17.730249404907227,0.4535000026226044,17.276748657226562,1382,161,71,1,240,30.48510673413548
NT2023,Halictus tumulorum,0,Halictus,FALSE,Scotland,-3.26001155496251,55.49879086125578,H18 - Agriculturally improved/re-seeded/ heavily fertilised grassland,semi-natural,Melanostoma mellinum,Syrphidae,28,Calluna vulgaris,Ericales,8,67,1381.5731638086963,20.62049498221935,grassland/herbaceous,9,0,22,6.248635292053223,16.840499877929688,-1.4494999647140503,18.28999900817871,1672,189,93,1,450,52.08214983842512
NT4470,Halictus tumulorum,0,Halictus,FALSE,Scotland,-2.889714562134493,55.924355071188565,H35 - Intensive arable crops,agricultural,Eupeodes corollae,Syrphidae,12,Ranunculus repens,Ranunculales,2,45,834.2573355302352,18.539051900671893,arable,5,0,10,8.066258430480957,18.37535095214844,0.18151260912418363,18.193838119506836,752,76,46,1,119,7.549392425849426
NT5824,Halictus tumulorum,0,Halictus,FALSE,Scotland,-2.6587056661805444,55.51248724155745,H35 - Intensive arable crops,agricultural,Eupeodes corollae,Syrphidae,40,Ranunculus repens,Ranunculales,23,235,6536.93661403292,27.816751549076255,arable,18,3,23,8.025094032287598,18.736249923706055,0.11150000244379044,18.6247501373291,821,85,50,1,129,52.06896909474211
NX8392,Halictus tumulorum,0,Halictus,FALSE,Scotland,-3.832508670095649,55.212957668233166,H17 - Dry semi/unimproved (flower-rich) neutral grassland,semi-natural,Xylota segnis,Apidae,51,Potentilla erecta,Rosales,21,214,6450.091990999254,30.140616780370348,grassland/herbaceous,21,9,26,7.987729072570801,17.885000228881836,0.6039999723434448,17.2810001373291,1383,158,71,1,198,34.61085755621535
SE1582,Halictus tumulorum,0,Halictus,FALSE,England,-1.7636918896630234,54.23797969335347,H23 - Wet and dry heathland/ dry heather moorland,semi-natural,Apis mellifera,Apidae,37,Calluna vulgaris,Ericales,7,190,6687.252272876679,35.19606459408779,heathland,12,7,19,8.367781639099121,19.04775047302246,0.577750027179718,18.470001220703125,997,104,66,1,203,60.903876528029734
SE1845,Halictus tumulorum,3,Halictus,TRUE,England,-1.7199071333044134,53.905349303896315,H17 - Dry semi/unimproved (flower-rich) neutral grassland,agricultural,Bombus pascuorum,Apidae,37,Urtica dioica,Rosales,23,193,7398.993846690674,38.3367556823351,grassland/herbaceous,15,6,19,8.501479148864746,19.020999908447266,0.6022499799728394,18.418750762939453,978,106,62,1,186,72.65224875434077
SE1867,Halictus tumulorum,0,Halictus,FALSE,England,-1.7185793756780976,54.10307395153395,H23 - Wet and dry heathland/ dry heather moorland,semi-natural,Lasioglossum fratellum,Apidae,37,Rumex acetosella,Caryophyllales,8,118,4046.267504663047,34.29040258189023,heathland,20,4,20,8.096854209899902,18.682750701904297,0.2995000183582306,18.383251190185547,1146,122,73,1,256,71.46893962416422
SE9023,Halictus tumulorum,0,Halictus,FALSE,England,-0.6306834942472022,53.700123243551026,H38 - Bare ground/weeds of arable field margins or fallow/recently abandoned arable crops (e.g. set-aside),agricultural,Episyrphus balteatus,Syrphidae,44,Senecio vulgaris,Asterales,27,175,5648.844025882505,32.2791087193286,arable,18,9,20,9.25828456878662,20.282005310058594,0.918289065361023,19.36371612548828,636,65,41,3,55,2.0296726471519477
SH4072,Halictus tumulorum,1,Halictus,TRUE,Wales,-4.390739676755011,53.22554798375631,H16 - Dry semi/unimproved acid grassland,agricultural,Eristalis arbustorum,Syrphidae,43,Stellaria graminea,Caryophyllales,40,138,4093.709129446805,29.66455890903482,grassland/herbaceous,14,7,25,10.077094078063965,19.021203994750977,2.738743543624878,16.282461166381836,916,112,49,3,43,5.6118975470666275
SH4866,Halictus tumulorum,2,Halictus,TRUE,Wales,-4.26815900719273,53.17399990320367,H18 - Agriculturally improved/re-seeded/ heavily fertilised grassland,agricultural,Helophilus pendulus,Syrphidae,45,Plantago lanceolata,Caryophyllales,29,182,4016.485703441997,22.068602766164815,grassland/herbaceous,13,9,23,10.037090301513672,19.34644889831543,2.467759609222412,16.87868881225586,994,120,54,3,54,0.3607532561229147
SH5924,Halictus tumulorum,2,Halictus,TRUE,Wales,-4.0854451862328744,52.79972457489794,H17 - Dry semi/unimproved (flower-rich) neutral grassland,semi-natural,Lasioglossum calceatum,Apidae,33,Ranunculus repens,Fabales,24,98,2983.270844792764,30.441539232579224,grassland/herbaceous,14,9,14,9.131549835205078,18.4229736328125,1.613513469696045,16.809459686279297,1293,149,71,1,194,0.8951398788987823
SH7038,Halictus tumulorum,0,Halictus,FALSE,Wales,-3.9279603091585673,52.92825899166037,H16 - Dry semi/unimproved acid grassland,semi-natural,Apis mellifera,Apidae,21,Galium saxatile,Caryophyllales,13,88,2309.54078602054,26.24478165932432,grassland/herbaceous,8,5,11,8.274531364440918,17.96324920654297,0.6800000071525574,17.283248901367188,1452,166,82,1,314,11.75428669671175
SH7148,Halictus tumulorum,0,Halictus,FALSE,Wales,-3.9170649871690744,53.018341199833216,H23 - Wet and dry heathland/ dry heather moorland,semi-natural,Bombus monticola,Apidae,17,Calluna vulgaris,Ericales,12,41,1963.7644974441132,47.89669505961252,heathland,12,1,7,7.848458290100098,17.57200050354004,0.33149999380111694,17.240501403808594,1532,175,87,1,393,16.865673647234164
SH8170,Halictus tumulorum,2,Halictus,TRUE,Wales,-3.776202173506538,53.21831400498027,H18 - Agriculturally improved/re-seeded/ heavily fertilised grassland,agricultural,Neoascia podagrica,Syrphidae,48,Trifolium repens,Fabales,26,197,5165.330220029662,26.219950355480517,grassland/herbaceous,12,11,26,9.165019035339355,19.042150497436523,1.3226743936538696,17.7194766998291,1054,123,59,2,151,9.451177959059812
SH8207,Halictus tumulorum,0,Halictus,FALSE,Wales,-3.738394194775697,52.65247537208114,H16 - Dry semi/unimproved acid grassland,semi-natural,Eristalis tenax,Apidae,46,Cirsium palustre,Lamiales,25,197,6338.078704777658,32.17298834912516,grassland/herbaceous,16,8,22,8.37011432647705,18.23324966430664,0.5440000295639038,17.68924903869629,1470,168,79,1,256,20.503853542835483
SK0484,Halictus tumulorum,1,Halictus,TRUE,England,-1.9338506496735728,53.357377560470674,H18 - Agriculturally improved/re-seeded/ heavily fertilised grassland,agricultural,Neoascia podagrica,Syrphidae,44,Ranunculus acris,Ranunculales,19,174,4429.435290813755,25.45652465984917,grassland/herbaceous,12,7,23,7.883072853088379,18.392250061035156,-0.06650000065565109,18.458749771118164,1233,132,78,1,355,54.57088118276211
SK1590,Halictus tumulorum,0,Halictus,FALSE,England,-1.768287777884868,53.41110330892607,H23 - Wet and dry heathland/ dry heather moorland,semi-natural,Eristalis tenax,Apidae,41,Calluna vulgaris,Ericales,3,297,14081.897175299466,47.413795203028506,heathland,16,5,20,7.793468952178955,18.342500686645508,-0.09350000321865082,18.43600082397461,1237,135,78,1,378,66.25985984329985
SK2557,Halictus tumulorum,0,Halictus,FALSE,England,-1.6204854338717607,53.114096058228114,H21 - Stands of tall herbs (e.g. nettle and willow-herb beds),agricultural,Andrena haemorrhoa,Apidae,54,Urtica dioica,Caryophyllales,35,365,14003.216736901655,38.3649773613744,grassland/herbaceous,20,6,27,8.4500732421875,19.420249938964844,0.2800000011920929,19.140249252319336,878,89,61,2,208,78.49217659208195
SK4706,Halictus tumulorum,7,Halictus,TRUE,England,-1.2992507936647826,52.65417381259754,H21 - Stands of tall herbs (e.g. nettle and willow-herb beds),agricultural,Syrphus ribesii,Syrphidae,54,Crataegus monogyna,Rosales,22,403,7516.577535541605,18.651557160152866,grassland/herbaceous,16,11,28,9.33105182647705,21.22800064086914,0.5385000109672546,20.68950080871582,645,62,44,3,97,94.95683867638304
SK5480,Halictus tumulorum,13,Halictus,TRUE,England,-1.1833464601426131,53.31865285511778,H38 - Bare ground/weeds of arable field margins or fallow/recently abandoned arable crops (e.g. set-aside),agricultural,Apis mellifera,Apidae,44,Senecio vulgaris,Asterales,39,301,8624.177034782973,28.651750946122835,arable,13,11,19,9.009448051452637,20.90850067138672,0.4882500171661377,20.420249938964844,736,77,50,3,109,56.91008364967025
SK9826,Halictus tumulorum,4,Halictus,TRUE,England,-0.5395376701615852,52.827056138767475,H35 - Intensive arable crops,agricultural,Episyrphus balteatus,Syrphidae,51,Crataegus monogyna,Brassicales,40,487,10697.787056593135,21.96670853509885,arable,18,10,20,9.242676734924316,20.829999923706055,0.7505000233650208,20.079500198364254,650,62,45,3,99,40.37522109296084
SN0732,Halictus tumulorum,0,Halictus,FALSE,Wales,-4.803030863076706,51.95758882033024,H16 - Dry semi/unimproved acid grassland,semi-natural,Bombus lucorum,Apidae,38,Calluna vulgaris,Ericales,14,215,10598.931027303615,49.29735361536565,grassland/herbaceous,17,1,26,9.696864128112791,18.352249145507812,2.663749933242798,15.688499450683594,1175,132,70,3,175,10.71377127951184
SN6098,Halictus tumulorum,4,Halictus,TRUE,Wales,-4.059601652517902,52.56640538160418,H18 - Agriculturally improved/re-seeded/ heavily fertilised grassland,agricultural,Andrena angustior,Syrphidae,53,Artemisia absinthium,Fabales,50,212,4631.4476642724685,21.846451246568247,grassland/herbaceous,16,11,26,9.5470123291015625,18.78773498535156,2.020754814147949,16.766979217529297,1158,133,63,3,104,0.37145779790129607
SN6185,Halictus tumulorum,5,Halictus,TRUE,Wales,-4.039443686800528,52.4498661043755,H18 - Agriculturally improved/re-seeded/ heavily fertilised grassland,agricultural,Lasioglossum punctatissimum,Syrphidae,29,Ulex europaeus,Fabales,24,87,2141.0817980327265,24.610135609571568,grassland/herbaceous,13,6,14,9.524127960205078,18.8162784576416,1.9600000381469729,16.856277465820312,1160,134,61,3,87,1.6771856130782123
SN6634,Halictus tumulorum,4,Halictus,TRUE,Wales,-3.945781255606725,51.992864605821424,H16 - Dry semi/unimproved acid grassland,agricultural,Xylota segnis,Syrphidae,59,Stellaria graminea,Caryophyllales,27,260,7505.184248205087,28.866093262327254,grassland/herbaceous,19,7,30,9.479708671569824,19.1560001373291,1.71875,17.4372501373291,1346,154,75,3,165,36.40294500315716
SN6777,Halictus tumulorum,0,Halictus,FALSE,Wales,-3.9480403331700695,52.379475219360856,H19 - Seasonally wet and wet marshy grasslands,agricultural,Episyrphus balteatus,Apidae,46,Cotoneaster salicifolius,Rosales,27,277,10045.781498759525,36.26635920129792,grassland/herbaceous,16,6,29,8.646374702453613,18.287750244140625,0.9612500071525574,17.326499938964844,1523,174,81,1,229,10.217571588028598
SN7659,Halictus tumulorum,0,Halictus,FALSE,Wales,-3.8092858454898786,52.2198349450136,H13 - Flushes,semi-natural,Xylota segnis,Syrphidae,42,Calluna vulgaris,Ericales,10,522,20900.140325783406,40.03858299958507,wetland,13,0,34,7.379020690917969,17.1875,-0.20374999940395355,17.391250610351562,1925,226,102,1,452,26.056053348911288
SO1474,Halictus tumulorum,1,Halictus,TRUE,Wales,-3.2570029600389834,52.36187393069531,H19 - Seasonally wet and wet marshy grasslands,semi-natural,Andrena haemorrhoa,Syrphidae,63,Filipendula ulmaria,Rosales,21,238,6325.902291234716,26.579421391742507,grassland/herbaceous,21,11,31,7.9031877517700195,18.706750869750977,-0.17550000548362732,18.882251739501953,1377,163,75,1,370,53.079507591000755
SO2568,Halictus tumulorum,24,Halictus,TRUE,Wales,-3.0941652530811097,52.30954941965701,H20 - Bracken dominated glades or hillsides,agricultural,Lasioglossum laevigatum,Syrphidae,66,Ulex gallii,Fabales,37,399,9059.58116620208,22.70571720852652,heathland,18,17,30,8.595656394958496,19.79050064086914,0.3567500114440918,19.43375015258789,1108,128,60,2,272,65.56807534954747
SO3129,Halictus tumulorum,3,Halictus,TRUE,England,-2.9983110848062533,51.95975169545002,H17 - Dry semi/unimproved (flower-rich) neutral grassland,agricultural,Apis mellifera,Apidae,45,Potentilla erecta,Rosales,35,218,6351.529866751767,29.135458104365902,grassland/herbaceous,18,12,19,9.44546890258789,20.23150062561035,1.315250039100647,18.916250228881836,907,102,47,3,159,43.047996698813286
SO4718,Halictus tumulorum,4,Halictus,TRUE,England,-2.7638024580946743,51.86260463828455,H17 - Dry semi/unimproved (flower-rich) neutral grassland,agricultural,Apis mellifera,Apidae,38,Ranunculus acris,Ranunculales,20,177,4675.556949397047,26.41557598529405,grassland/herbaceous,15,13,9,9.614906311035156,20.451749801635746,1.4199999570846558,19.031749725341797,805,88,43,3,124,24.215644724915585
SO6087,Halictus tumulorum,7,Halictus,TRUE,England,-2.5830842282578956,52.48399552084982,H18 - Agriculturally improved/re-seeded/ heavily fertilised grassland,agricultural,Apis mellifera,Apidae,72,Urtica dioica,Rosales,16,709,27675.38672134241,39.03439593983415,grassland/herbaceous,22,10,33,8.547124862670898,19.71649932861328,0.2915000021457672,19.424999237060547,1004,108,64,1,220,83.30900059281196
SO8911,Halictus tumulorum,2,Halictus,TRUE,England,-2.1536714579787133,51.80204846121702,H25 - Hedgerows,semi-natural,Lasioglossum calceatum,Apidae,45,Crataegus monogyna,Rosales,45,240,7126.614627325228,29.694227613855116,woodland,16,12,17,9.25447940826416,20.562000274658203,0.8922500014305115,19.669750213623047,883,96,56,3,191,20.448826978076728
SP1430,Halictus tumulorum,18,Halictus,TRUE,England,-1.790319158476468,51.97279342031973,"H32 - Bare ground/herb/grass mosaics of wood rides, hedgebanks and green lanes",semi-natural,Ferdinandea cuprea,Syrphidae,61,Crataegus monogyna,Rosales,31,443,7483.458169894302,16.892682099084205,woodland,17,15,27,9.264073371887209,20.924999237060547,0.8349999785423279,20.09000015258789,791,82,53,3,178,51.241021718023184
SP4951,Halictus tumulorum,31,Halictus,TRUE,England,-1.2777995669096434,52.159575849968675,"H32 - Bare ground/herb/grass mosaics of wood rides, hedgebanks and green lanes",agricultural,Halictus tumulorum,Apidae,51,Galium aparine,Gentianales,45,249,5651.953797991174,22.698609630486644,woodland,15,13,24,9.449051856994627,21.49625015258789,0.7444999814033508,20.75175094604492,665,64,44,3,130,92.05543968714645
SP6302,Halictus tumulorum,0,Halictus,FALSE,England,-1.082195349435951,51.71764630411891,H35 - Intensive arable crops,agricultural,Melanostoma mellinum,Apidae,19,Veronica chamaedrys,Lamiales,23,56,2008.634207735275,35.86846799527276,arable,11,8,3,9.963885307312012,22.0310001373291,1.2392499446868896,20.791749954223633,651,64,41,3,79,93.33239567930468
SS8395,Halictus tumulorum,1,Halictus,TRUE,Wales,-3.685178186952769,51.64619389989825,H21 - Stands of tall herbs (e.g. nettle and willow-herb beds),semi-natural,Xylota segnis,Apidae,66,Impatiens glandulifera,Ericales,22,433,14607.863769349668,33.73640593383295,grassland/herbaceous,18,8,34,9.87224006652832,19.787500381469727,1.965625047683716,17.821874618530273,1208,138,70,3,130,12.837010253355407
ST2636,Halictus tumulorum,4,Halictus,TRUE,England,-3.0516110405316343,51.12304435918026,H18 - Agriculturally improved/re-seeded/ heavily fertilised grassland,agricultural,Lasioglossum pauxillum,Halictidae,50,Vicia hirsuta,Fabales,51,342,4810.074889641659,14.064546460940525,grassland/herbaceous,14,13,20,10.25291633605957,20.925750732421875,2.2320001125335693,18.693750381469727,954,104,56,3,68,10.860552538006363
ST2983,Halictus tumulorum,2,Halictus,TRUE,Wales,-3.018070635169183,51.54597259172293,H10 - Fen/swamp/marsh vegetation of inland freshwater edges,agricultural,Rhingia campestris,Syrphidae,22,Urtica dioica,Rosales,14,94,1522.104841307054,16.192604694755893,wetland,4,4,14,9.885907173156738,20.48874282836914,1.7434555292129517,18.74528694152832,1066,116,59,3,104,2.192397078614517
ST4543,Halictus tumulorum,1,Halictus,TRUE,England,-2.781216188810222,51.18810783169617,H10 - Fen/swamp/marsh vegetation of inland freshwater edges,agricultural,Lasioglossum zonulum,Syrphidae,49,Urtica dioica,Rosales,44,239,7008.366945322081,29.323711068293225,wetland,17,4,28,9.927770614624023,20.68600082397461,1.6862499713897705,18.9997501373291,932,101,56,3,94,18.96256890501118
ST9351,Halictus tumulorum,12,Halictus,TRUE,England,-2.0945344636921095,51.26261576328866,H35 - Intensive arable crops,agricultural,Apis mellifera,Apidae,47,Galium mollugo,Gentianales,53,244,7814.457781219152,32.02646631647193,arable,20,13,8,9.623385429382324,21.024499893188477,1.215000033378601,19.809499740600582,751,83,45,3,121,51.1912378771251
SU1466,Halictus tumulorum,0,Halictus,FALSE,England,-1.7929572360652728,51.39734938891436,H26 - Mature broadleaved woodland,agricultural,Episyrphus balteatus,Syrphidae,37,Circaea lutetiana,Myrtales,14,181,6064.403937238237,33.50499412838805,woodland,15,3,22,9.302103996276855,20.686500549316406,1.00724995136261,19.67925071716309,743,80,47,3,178,58.40019609569814
SU3986,Halictus tumulorum,27,Halictus,TRUE,England,-1.4313851646795397,51.575988723963455,H35 - Intensive arable crops,agricultural,Lasioglossum malachurum,Halictidae,53,Anagallis arvensis,Brassicales,28,441,8875.77498103927,20.126473879907643,arable,16,14,15,9.72462558746338,21.124250411987305,1.3339999914169312,19.79025077819824,696,72,44,3,123,71.66949352934265
SU6679,Halictus tumulorum,4,Halictus,TRUE,England,-1.0431318978613005,51.51052590955625,H26 - Mature broadleaved woodland,semi-natural,Apis mellifera,Apidae,55,Urtica dioica,Rosales,23,417,9853.461710349482,23.62940458117382,woodland,19,10,24,9.818770408630373,21.79574966430664,1.1972500085830688,20.598499298095703,700,71,43,3,102,73.05980138201475
SU7800,Halictus tumulorum,1,Halictus,TRUE,England,-0.8874625520418745,50.79874463068526,H21 - Stands of tall herbs (e.g. nettle and willow-herb beds),agricultural,Episyrphus balteatus,Apidae,48,Jacobaea vulgaris,Asterales,42,315,8887.50917929642,28.21431485490927,grassland/herbaceous,17,13,14,10.45455551147461,21.08878517150879,2.105607509613037,18.983177185058594,817,93,46,3,3,2.0295720362100496
SX7048,Halictus tumulorum,7,Halictus,TRUE,England,-3.820529766513232,50.32215162630549,H17 - Dry semi/unimproved (flower-rich) neutral grassland,agricultural,Lasioglossum leucozonium,Halictidae,32,Galium aparine,Gentianales,26,109,2335.04651930024,21.422445131194863,grassland/herbaceous,15,8,12,10.568735122680664,19.547826766967773,3.4855072498321533,16.062318801879883,983,123,47,3,76,6.720523394625216
SX8144,Halictus tumulorum,1,Halictus,TRUE,England,-3.664819291843249,50.2885088237157,H18 - Agriculturally improved/re-seeded/ heavily fertilised grassland,agricultural,Apis mellifera,Apidae,41,Galium mollugo,Gentianales,50,234,9028.60747545647,38.583792630155855,grassland/herbaceous,19,9,18,10.531122207641602,19.389795303344727,3.4755101203918457,15.91428565979004,956,118,47,3,70,2.3738177045917017
SY8586,Halictus tumulorum,8,Halictus,TRUE,England,-2.2065781850059207,50.67796622763251,H38 - Bare ground/weeds of arable field margins or fallow/recently abandoned arable crops (e.g. set-aside),agricultural,Apis mellifera,Apidae,42,Trifolium repens,Fabales,41,171,3772.2934987627305,22.060195899197257,arable,10,12,16,10.242395401000977,20.90799903869629,2.0260000228881836,18.881999969482425,811,95,45,3,70,6.152012633387126
TG4403,Halictus tumulorum,0,Halictus,FALSE,England,1.6069742803262308,52.574337134947406,H10 - Fen/swamp/marsh vegetation of inland freshwater edges,agricultural,Eristalinus sepulchralis,Syrphidae,15,Rubus fruticosus,Rosales,14,40,791.9017962604919,19.797544906512297,wetland,3,2,10,9.739812850952148,20.60325050354004,1.2197500467300415,19.383501052856445,584,63,35,3,7,9.1979797712504
TL3266,Halictus tumulorum,7,Halictus,TRUE,England,-0.05912547547114204,52.28069575688045,H35 - Intensive arable crops,agricultural,Episyrphus balteatus,Apidae,49,Capsella bursa,Brassicales,8,291,9678.453196740027,33.25928933587639,arable,14,12,21,9.774541854858398,21.693750381469727,0.7639999985694885,20.929750442504883,566,53,34,3,39,63.08447734102786
TM3949,Halictus tumulorum,7,Halictus,TRUE,England,1.4948961032162038,52.09199547365045,H17 - Dry semi/unimproved (flower-rich) neutral grassland,agricultural,Hylaeus pectoralis,Halictidae,35,Atriplex portulacoides,Caryophyllales,37,205,4807.812619009971,23.45274448297547,grassland/herbaceous,14,7,12,9.84146499633789,21.29119300842285,1.0559659004211426,20.235227584838867,587,65,37,3,15,3.544133147005158
TQ1827,Halictus tumulorum,2,Halictus,TRUE,England,-0.3113229531579017,51.03464924005703,H17 - Dry semi/unimproved (flower-rich) neutral grassland,agricultural,Apis mellifera,Apidae,48,Lotus corniculatus,Fabales,35,246,6660.052093011803,27.073382491917897,grassland/herbaceous,15,15,14,9.840052604675291,21.6197509765625,1.0494999885559082,20.57025146484375,755,85,41,3,85,24.68911936301692
TQ3110,Halictus tumulorum,34,Halictus,TRUE,England,-0.13215485329339816,50.87903525121379,H35 - Intensive arable crops,agricultural,Halictus tumulorum,Halictidae,43,Galium aparine,Rosales,31,218,2846.105984473504,13.055532038869284,arable,14,15,14,9.84388542175293,21.21125030517578,1.1510000228881836,20.06024932861328,804,95,42,3,72,8.0301514593009
TQ4450,Halictus tumulorum,3,Halictus,TRUE,England,0.06846661593698367,51.23539064230246,H18 - Agriculturally improved/re-seeded/ heavily fertilised grassland,agricultural,Apis mellifera,Apidae,29,Trifolium repens,Fabales,28,122,2201.8375456691274,18.047848734992847,grassland/herbaceous,12,10,13,9.619614601135254,21.23150062561035,0.8932499885559082,20.3382511138916,750,82,45,3,119,35.65359800637756
TQ8038,Halictus tumulorum,13,Halictus,TRUE,England,0.5776098185128951,51.11735485471939,H25 - Hedgerows,agricultural,Lasioglossum malachurum,Halictidae,66,Crataegus monogyna,Rosales,29,503,8397.636737939376,16.695102858726393,woodland,17,18,28,10.030458450317385,21.538249969482425,1.375999927520752,20.162250518798828,732,81,45,3,46,24.55423806841744
TR0534,Halictus tumulorum,7,Halictus,TRUE,England,0.9320644958555656,51.07302286950766,H38 - Bare ground/weeds of arable field margins or fallow/recently abandoned arable crops (e.g. set-aside),agricultural,Lasioglossum malachurum,Halictidae,44,Senecio vulgaris,Asterales,29,292,5158.5786181494295,17.66636513064873,arable,17,14,12,10.05537223815918,21.71878242492676,1.3939086198806765,20.324872970581055,701,78,42,3,33,8.286040755806269
TR3149,Halictus tumulorum,6,Halictus,TRUE,England,1.3122029336777346,51.19779621680228,H35 - Intensive arable crops,agricultural,Lasioglossum malachurum,Andrenidae,36,Convolvulus arvensis,Asterales,27,165,3232.2163161982567,19.58918979514095,arable,13,13,9,10.134187698364258,21.335248947143555,1.63224995136261,19.70299911499023,597,67,36,3,42,5.817385543161483
