Gene_ID,Cancer_Type,Gene_Mutation_Count,Gene_Severe_Mutation_Count,Gene_Individuals_with_Mutations_Count,Gene_Individuals_with_Severe_Mutations_Count
VPS13C,Uterine_Corpus_Endometrial_Carcinoma,179,36,60,25
REV3L,Uterine_Corpus_Endometrial_Carcinoma,200,24,75,24
ATAD2,Uterine_Corpus_Endometrial_Carcinoma,106,26,57,24
USH2A,Uterine_Corpus_Endometrial_Carcinoma,390,32,99,27
DNAH5,Uterine_Corpus_Endometrial_Carcinoma,327,29,95,25
ROBO1,Uterine_Corpus_Endometrial_Carcinoma,152,29,77,23
DNAH7,Uterine_Corpus_Endometrial_Carcinoma,323,51,100,40
SCAF4,Uterine_Corpus_Endometrial_Carcinoma,108,37,69,34
FAT3,Uterine_Corpus_Endometrial_Carcinoma,383,36,93,28
RYR3,Uterine_Corpus_Endometrial_Carcinoma,355,28,94,24
PCDH15,Uterine_Corpus_Endometrial_Carcinoma,293,28,86,22
DOCK11,Uterine_Corpus_Endometrial_Carcinoma,193,25,74,23
NF1,Uterine_Corpus_Endometrial_Carcinoma,206,45,84,28
ANKRD30B,Uterine_Corpus_Endometrial_Carcinoma,181,37,67,28
ZFHX3,Uterine_Corpus_Endometrial_Carcinoma,343,68,120,56
CEP290,Uterine_Corpus_Endometrial_Carcinoma,176,44,79,35
NIPBL,Uterine_Corpus_Endometrial_Carcinoma,180,26,83,25
NAA15,Uterine_Corpus_Endometrial_Carcinoma,101,24,55,23
TCERG1,Uterine_Corpus_Endometrial_Carcinoma,113,27,64,26
COL6A5,Uterine_Corpus_Endometrial_Carcinoma,182,30,68,24
LRRIQ1,Uterine_Corpus_Endometrial_Carcinoma,142,28,53,22
ZC3H13,Uterine_Corpus_Endometrial_Carcinoma,90,28,55,24
KIAA1109,Uterine_Corpus_Endometrial_Carcinoma,241,32,78,29
DMD,Uterine_Corpus_Endometrial_Carcinoma,463,61,103,38
ANK3,Uterine_Corpus_Endometrial_Carcinoma,273,35,98,29
MSH6,Uterine_Corpus_Endometrial_Carcinoma,120,33,60,28
TP53,Uterine_Corpus_Endometrial_Carcinoma,199,46,176,45
LRP1B,Uterine_Corpus_Endometrial_Carcinoma,411,36,96,26
CSMD3,Uterine_Corpus_Endometrial_Carcinoma,521,55,125,39
FAT1,Uterine_Corpus_Endometrial_Carcinoma,344,45,107,38
ACVR2A,Uterine_Corpus_Endometrial_Carcinoma,122,33,76,33
CCDC88A,Uterine_Corpus_Endometrial_Carcinoma,140,25,60,22
YLPM1,Uterine_Corpus_Endometrial_Carcinoma,107,24,60,22
RBBP6,Uterine_Corpus_Endometrial_Carcinoma,111,28,59,25
ESRP1,Uterine_Corpus_Endometrial_Carcinoma,82,37,60,33
RANBP2,Uterine_Corpus_Endometrial_Carcinoma,189,27,81,25
CNTLN,Uterine_Corpus_Endometrial_Carcinoma,103,28,59,25
SETD1B,Uterine_Corpus_Endometrial_Carcinoma,115,31,67,28
SIN3A,Uterine_Corpus_Endometrial_Carcinoma,94,25,62,24
SYCP2,Uterine_Corpus_Endometrial_Carcinoma,170,26,60,23
DNAH2,Uterine_Corpus_Endometrial_Carcinoma,260,24,86,22
LAMA2,Uterine_Corpus_Endometrial_Carcinoma,229,30,85,26
ASPM,Uterine_Corpus_Endometrial_Carcinoma,246,32,81,27
ELMSAN1,Uterine_Corpus_Endometrial_Carcinoma,95,25,63,24
ZBTB20,Uterine_Corpus_Endometrial_Carcinoma,68,22,51,22
FSIP2,Uterine_Corpus_Endometrial_Carcinoma,217,41,73,34
ZMYM2,Uterine_Corpus_Endometrial_Carcinoma,109,29,64,28
GPR98,Uterine_Corpus_Endometrial_Carcinoma,275,33,78,25
DOCK3,Uterine_Corpus_Endometrial_Carcinoma,184,42,87,38
RPL22,Uterine_Corpus_Endometrial_Carcinoma,58,45,54,44
MDN1,Uterine_Corpus_Endometrial_Carcinoma,258,29,87,27
ARID1A,Uterine_Corpus_Endometrial_Carcinoma,323,216,194,170
MGA,Uterine_Corpus_Endometrial_Carcinoma,178,34,80,30
MACF1,Uterine_Corpus_Endometrial_Carcinoma,355,38,107,31
ARID5B,Uterine_Corpus_Endometrial_Carcinoma,129,36,83,34
RBM27,Uterine_Corpus_Endometrial_Carcinoma,76,22,52,22
NEB,Uterine_Corpus_Endometrial_Carcinoma,475,39,101,33
BCORL1,Uterine_Corpus_Endometrial_Carcinoma,170,24,84,23
PRKDC,Uterine_Corpus_Endometrial_Carcinoma,232,42,81,35
APC,Uterine_Corpus_Endometrial_Carcinoma,202,48,71,31
FAM186A,Uterine_Corpus_Endometrial_Carcinoma,128,25,65,22
LRRK2,Uterine_Corpus_Endometrial_Carcinoma,222,37,79,29
DNAH8,Uterine_Corpus_Endometrial_Carcinoma,360,31,82,24
BRWD3,Uterine_Corpus_Endometrial_Carcinoma,195,31,67,28
ATM,Uterine_Corpus_Endometrial_Carcinoma,189,42,82,36
RYR2,Uterine_Corpus_Endometrial_Carcinoma,500,41,126,26
DYNC2H1,Uterine_Corpus_Endometrial_Carcinoma,259,38,83,29
RASA1,Uterine_Corpus_Endometrial_Carcinoma,103,35,55,26
USP34,Uterine_Corpus_Endometrial_Carcinoma,169,24,71,22
JAK1,Uterine_Corpus_Endometrial_Carcinoma,141,62,73,44
DNAH11,Uterine_Corpus_Endometrial_Carcinoma,322,46,87,37
DNAH3,Uterine_Corpus_Endometrial_Carcinoma,307,27,83,24
CEP350,Uterine_Corpus_Endometrial_Carcinoma,156,26,78,25
TTN,Uterine_Corpus_Endometrial_Carcinoma,2367,210,200,74
DNAH10,Uterine_Corpus_Endometrial_Carcinoma,313,30,94,26
SZT2,Uterine_Corpus_Endometrial_Carcinoma,190,32,84,26
RNF43,Uterine_Corpus_Endometrial_Carcinoma,108,57,80,50
KMT2D,Uterine_Corpus_Endometrial_Carcinoma,339,77,138,64
ATF7IP,Uterine_Corpus_Endometrial_Carcinoma,87,32,47,29
VPS13B,Uterine_Corpus_Endometrial_Carcinoma,203,29,72,27
CCDC168,Uterine_Corpus_Endometrial_Carcinoma,242,28,71,24
KMT2C,Uterine_Corpus_Endometrial_Carcinoma,301,41,109,35
USP26,Uterine_Corpus_Endometrial_Carcinoma,99,27,55,23
CNTN6,Uterine_Corpus_Endometrial_Carcinoma,140,30,63,25
INPPL1,Uterine_Corpus_Endometrial_Carcinoma,119,39,70,33
NSD1,Uterine_Corpus_Endometrial_Carcinoma,169,39,85,32
TNRC18,Uterine_Corpus_Endometrial_Carcinoma,147,29,74,25
SYNE1,Uterine_Corpus_Endometrial_Carcinoma,523,46,117,37
UNC79,Uterine_Corpus_Endometrial_Carcinoma,190,24,69,22
PIK3R1,Uterine_Corpus_Endometrial_Carcinoma,224,117,151,96
NBEA,Uterine_Corpus_Endometrial_Carcinoma,277,42,90,30
TTC3,Uterine_Corpus_Endometrial_Carcinoma,134,24,66,23
ARHGAP35,Uterine_Corpus_Endometrial_Carcinoma,169,65,98,60
ROCK1,Uterine_Corpus_Endometrial_Carcinoma,131,28,63,25
ATRX,Uterine_Corpus_Endometrial_Carcinoma,323,34,88,29
COL11A1,Uterine_Corpus_Endometrial_Carcinoma,194,24,75,22
SI,Uterine_Corpus_Endometrial_Carcinoma,205,22,75,22
MUC16,Uterine_Corpus_Endometrial_Carcinoma,717,61,134,39
WDR52,Uterine_Corpus_Endometrial_Carcinoma,99,30,50,25
CAMSAP2,Uterine_Corpus_Endometrial_Carcinoma,115,25,72,24
PCLO,Uterine_Corpus_Endometrial_Carcinoma,316,53,95,41
VPS13A,Uterine_Corpus_Endometrial_Carcinoma,186,35,71,29
WDR87,Uterine_Corpus_Endometrial_Carcinoma,253,35,81,30
BRCA2,Uterine_Corpus_Endometrial_Carcinoma,222,31,76,27
KMT2B,Uterine_Corpus_Endometrial_Carcinoma,235,61,108,51
DST,Uterine_Corpus_Endometrial_Carcinoma,572,53,110,36
FAT4,Uterine_Corpus_Endometrial_Carcinoma,403,35,107,30
ZNF292,Uterine_Corpus_Endometrial_Carcinoma,195,47,87,39
ALS2CR11,Uterine_Corpus_Endometrial_Carcinoma,143,23,65,22
C5orf42,Uterine_Corpus_Endometrial_Carcinoma,160,28,60,23
CCDC73,Uterine_Corpus_Endometrial_Carcinoma,113,46,50,32
CHD3,Uterine_Corpus_Endometrial_Carcinoma,131,33,81,29
EYS,Uterine_Corpus_Endometrial_Carcinoma,278,34,85,29
ZDBF2,Uterine_Corpus_Endometrial_Carcinoma,166,33,56,26
USP9X,Uterine_Corpus_Endometrial_Carcinoma,230,29,85,23
ZFHX4,Uterine_Corpus_Endometrial_Carcinoma,471,35,116,32
SYNE2,Uterine_Corpus_Endometrial_Carcinoma,330,41,96,35
PTEN,Uterine_Corpus_Endometrial_Carcinoma,578,260,281,206
MAP3K1,Uterine_Corpus_Endometrial_Carcinoma,89,34,60,31
MKI67,Uterine_Corpus_Endometrial_Carcinoma,251,27,85,27
HMCN1,Uterine_Corpus_Endometrial_Carcinoma,388,36,92,27
ARID4B,Uterine_Corpus_Endometrial_Carcinoma,127,31,78,28
EP300,Uterine_Corpus_Endometrial_Carcinoma,150,31,77,27
XIRP2,Uterine_Corpus_Endometrial_Carcinoma,330,43,83,28
CTCF,Uterine_Corpus_Endometrial_Carcinoma,162,73,113,68
SACS,Uterine_Corpus_Endometrial_Carcinoma,339,48,84,30
AKAP9,Uterine_Corpus_Endometrial_Carcinoma,216,41,81,28
DNAH6,Uterine_Corpus_Endometrial_Carcinoma,249,38,80,32
